Date,Mkt-RF
19981222,0
19981223,1.93
19981224,-0.07
19981228,0.16
19981229,1.14
19981230,-0.5
19981231,0.43
19990104,-0.19
19990105,1.1
19990106,2.1
19990107,-0.07
19990108,0.45
19990111,-0.52
19990112,-1.85
19990113,-0.54
19990114,-1.66
19990115,2.28
19990119,0.8
19990120,0.24
19990121,-1.82
19990122,-0.66
19990125,0.67
19990126,1.39
19990127,-0.74
19990128,1.63
19990129,0.95
19990201,-0.39
19990202,-0.89
19990203,0.9
19990204,-1.92
19990205,-0.92
19990208,0.23
19990209,-2.25
19990210,0.27
19990211,2.49
19990212,-1.9
19990216,0.65
19990217,-1.45
19990218,0.92
19990219,0.25
19990222,2.41
19990223,0.09
19990224,-1.31
19990225,-0.69
19990226,-0.49
19990301,-0.01
19990302,-0.69
19990303,0.01
19990304,1.34
19990305,2.04
19990308,0.66
19990309,-0.23
19990310,0.52
19990311,0.73
19990312,-0.32
19990315,0.94
19990316,-0.15
19990317,-0.55
19990318,1.27
19990319,-1.32
19990322,-0.33
19990323,-2.64
19990324,0.51
19990325,1.78
19990326,-0.5
19990329,1.98
19990330,-0.63
19990331,-0.86
19990401,0.54
19990405,1.87
19990406,-0.26
19990407,0.42
19990408,1.27
19990409,0.43
19990412,0.87
19990413,-0.34
19990414,-1.43
19990415,-0.39
19990416,-0.23
19990419,-2.48
19990420,1.38
19990421,2.53
19990422,1.35
19990423,0.11
19990426,0.44
19990427,0.09
19990428,-0.88
19990429,-0.45
19990430,-0.47
19990503,1.1
19990504,-1.49
19990505,1.03
19990506,-1.15
19990507,0.89
19990510,-0.03
19990511,1.19
19990512,0.65
19990513,0.23
19990514,-2.14
19990517,0.15
19990518,-0.4
19990519,0.82
19990520,-0.36
19990521,-0.57
19990524,-1.93
19990525,-1.81
19990526,1.41
19990527,-1.43
19990528,1.53
19990601,-0.8
19990602,0.13
19990603,0.12
19990604,2.03
19990607,0.71
19990608,-1.23
19990609,0.16
19990610,-1.2
19990611,-0.8
19990614,-0.49
19990615,0.52
19990616,2.26
19990617,0.72
19990618,0.22
19990621,0.63
19990622,-0.93
19990623,-0.14
19990624,-1.31
19990625,-0.06
19990628,1.23
19990629,1.49
19990630,1.6
19990701,0.55
19990702,0.73
19990706,-0.08
19990707,0.22
19990708,0.03
19990709,0.54
19990712,-0.24
19990713,-0.39
19990714,0.46
19990715,0.83
19990716,0.48
19990719,-0.82
19990720,-2.22
19990721,0.27
19990722,-1.33
19990723,-0.32
19990726,-1.02
19990727,1.12
19990728,0.15
19990729,-1.75
19990730,-0.72
19990802,-0.27
19990803,-0.79
19990804,-1.45
19990805,0.63
19990806,-1
19990809,-0.41
19990810,-1.16
19990811,1.63
19990812,-0.14
19990813,2.21
19990816,0.26
19990817,0.97
19990818,-0.75
19990819,-0.78
19990820,0.89
19990823,1.76
19990824,0.18
19990825,1.21
19990826,-1.18
19990827,-0.99
19990830,-1.78
19990831,-0.17
19990901,0.76
19990902,-0.86
19990903,2.84
19990907,-0.34
19990908,-0.55
19990909,0.31
19990910,0.44
19990913,-0.64
19990914,-0.52
19990915,-1.28
19990916,-0.2
19990917,1.22
19990920,0
19990921,-1.93
19990922,0.29
19990923,-2.35
19990924,-0.19
19990927,0.42
19990928,-0.23
19990929,-0.8
19990930,0.92
19991001,-0.16
19991004,1.66
19991005,-0.09
19991006,1.82
19991007,-0.47
19991008,1.09
19991011,0.21
19991012,-1.72
19991013,-2.04
19991014,-0.02
19991015,-2.65
19991018,0.09
19991019,0.76
19991020,1.86
19991021,-0.16
19991022,1.31
19991025,-0.43
19991026,-0.85
19991027,0.89
19991028,3.32
19991029,1.73
19991101,-0.38
19991102,-0.33
19991103,0.69
19991104,0.66
19991105,0.79
19991108,0.59
19991109,-0.78
19991110,0.53
19991111,0.37
19991112,1.1
19991115,0.03
19991116,1.84
19991117,-0.63
19991118,1.13
19991119,-0.11
19991122,0.02
19991123,-1.29
19991124,0.87
19991126,0.23
19991129,-0.6
19991130,-1.28
19991201,0.49
19991202,1.15
19991203,1.59
19991206,-0.42
19991207,-0.43
19991208,-0.08
19991209,0.3
19991210,0.51
19991213,0.05
19991214,-1.33
19991215,0.54
19991216,0.61
19991217,0.27
19991220,-0.08
19991221,1.44
19991222,0.33
19991223,1.3
19991227,-0.21
19991228,0.21
19991229,0.64
19991230,0.08
19991231,0.52
20000103,-0.71
20000104,-4.06
20000105,-0.09
20000106,-0.73
20000107,3.21
20000110,1.76
20000111,-1.71
20000112,-0.69
20000113,1.59
20000114,1.15
20000118,-0.26
20000119,0.44
20000120,-0.37
20000121,0.23
20000124,-2.59
20000125,0.49
20000126,-0.44
20000127,-0.44
20000128,-2.82
20000131,1.5
20000201,1.29
20000202,0.16
20000203,1.49
20000204,-0.05
20000207,0.35
20000208,1.23
20000209,-1.83
20000210,0.57
20000211,-1.74
20000214,0.24
20000215,0.7
20000216,-0.58
20000217,0.46
20000218,-2.69
20000222,0.11
20000223,1.24
20000224,0.01
20000225,-1.04
20000228,0.76
20000229,1.96
20000301,1.39
20000302,-0.09
20000303,2.3
20000306,-0.77
20000307,-2.2
20000308,0.69
20000309,2.45
20000310,-0.43
20000313,-1.48
20000314,-2.33
20000315,0.83
20000316,4.25
20000317,0.62
20000320,-1.71
20000321,1.95
20000322,1.31
20000323,1.48
20000324,0.11
20000327,-0.39
20000328,-1.34
20000329,-1
20000330,-1.76
20000331,1.19
20000403,-1.67
20000404,-1.2
20000405,0.01
20000406,1.47
20000407,1.42
20000410,-1.95
20000411,-1.01
20000412,-2.97
20000413,-1.8
20000414,-6.72
20000417,2.94
20000418,3.84
20000419,-0.8
20000420,0.09
20000424,-1.01
20000425,3.74
20000426,-1.23
20000427,0.76
20000428,0.07
20000501,1.4
20000502,-2.07
20000503,-2.09
20000504,0
20000505,1.48
20000508,-0.98
20000509,-1.19
20000510,-2.7
20000511,2.08
20000512,0.81
20000515,2.13
20000516,1.3
20000517,-1.38
20000518,-1.09
20000519,-2.39
20000522,-0.73
20000523,-2.38
20000524,1.55
20000525,-1.29
20000526,-0.18
20000530,3.82
20000531,-0.22
20000601,2.5
20000602,2.91
20000605,-0.37
20000606,-0.87
20000607,1.16
20000608,-0.6
20000609,0.04
20000612,-1.19
20000613,1.45
20000614,-0.16
20000615,0.5
20000616,-0.74
20000619,1.66
20000620,-0.25
20000621,0.36
20000622,-1.88
20000623,-0.99
20000626,0.92
20000627,-0.55
20000628,0.77
20000629,-0.67
20000630,0.74
20000703,0.91
20000705,-1.6
20000706,0.87
20000707,1.46
20000710,-0.13
20000711,0.12
20000712,1.31
20000713,0.51
20000714,0.94
20000717,0.1
20000718,-1.35
20000719,-1.19
20000720,1.33
20000721,-1.3
20000724,-1.44
20000725,0.51
20000726,-1.33
20000727,-0.9
20000728,-2.33
20000731,1.03
20000801,0.16
20000802,0.02
20000803,1.11
20000804,0.89
20000807,1.16
20000808,0.1
20000809,-0.6
20000810,-1.03
20000811,0.86
20000814,1.24
20000815,-0.46
20000816,-0.18
20000817,1.12
20000818,-0.28
20000821,0.4
20000822,-0.01
20000823,0.55
20000824,0.34
20000825,-0.04
20000828,0.49
20000829,-0.03
20000830,-0.11
20000831,1.19
20000901,0.38
20000905,-0.97
20000906,-1.23
20000907,0.8
20000908,-0.83
20000911,-0.45
20000912,-0.5
20000913,0.29
20000914,0.01
20000915,-1.23
20000918,-1.8
20000919,1.24
20000920,-0.39
20000921,-0.54
20000922,0.4
20000925,-0.56
20000926,-0.96
20000927,-0.21
20000928,2.32
20000929,-1.26
20001002,-0.7
20001003,-1.29
20001004,0.64
20001005,-0.23
20001006,-2.17
20001009,-0.39
20001010,-1.44
20001011,-1.77
20001012,-2.83
20001013,3.88
20001016,0.24
20001017,-1.95
20001018,-0.84
20001019,3.66
20001020,0.92
20001023,0.03
20001024,-0.12
20001025,-2.52
20001026,0
20001027,0.91
20001030,0.74
20001031,2.75
20001101,-0.48
20001102,1.05
20001103,-0.03
20001106,0.13
20001107,-0.08
20001108,-1.97
20001109,-0.96
20001110,-2.69
20001113,-1.39
20001114,2.66
20001115,0.6
20001116,-1.67
20001117,-0.52
20001120,-2.46
20001121,-0.05
20001122,-2.12
20001124,2.08
20001127,0.3
20001128,-1.67
20001129,0.18
20001130,-2.03
20001201,0.51
20001204,0.35
20001205,4.55
20001206,-1.78
20001207,-0.59
20001208,2.79
20001211,1.15
20001212,-1.07
20001213,-1.14
20001214,-1.8
20001215,-1.96
20001218,0.6
20001219,-1.63
20001220,-3.59
20001221,0.54
20001222,3.06
20001226,0.55
20001227,1.36
20001228,0.88
20001229,-1.23
20010102,-3.52
20010103,5.39
20010104,-1.3
20010105,-2.98
20010108,-0.36
20010109,0.51
20010110,1.44
20010111,1.39
20010112,-0.4
20010116,0.68
20010117,0.37
20010118,1.16
20010119,-0.55
20010122,-0.01
20010123,1.57
20010124,0.34
20010125,-0.81
20010126,-0.11
20010129,0.9
20010130,0.63
20010131,-0.72
20010201,0.39
20010202,-1.9
20010205,0.17
20010206,0.04
20010207,-0.86
20010208,-0.67
20010209,-1.42
20010212,1.1
20010213,-0.9
20010214,-0.04
20010215,0.93
20010216,-1.93
20010220,-1.93
20010221,-1.84
20010222,-0.48
20010223,-0.38
20010226,1.91
20010227,-1.17
20010228,-1.48
20010301,0.02
20010302,-0.53
20010305,0.54
20010306,1.06
20010307,0.58
20010308,-0.14
20010309,-2.5
20010312,-4.34
20010313,1.61
20010314,-2.5
20010315,0.34
20010316,-2.11
20010319,1.86
20010320,-2.4
20010321,-1.88
20010322,-0.43
20010323,2.08
20010326,1.09
20010327,2.4
20010328,-2.58
20010329,-0.53
20010330,1.19
20010402,-1.6
20010403,-3.69
20010404,-0.39
20010405,4.68
20010406,-2.07
20010409,0.87
20010410,2.87
20010411,-0.1
20010412,1.57
20010416,-0.47
20010417,1.1
20010418,3.92
20010419,1.48
20010420,-0.87
20010423,-1.72
20010424,-1.15
20010425,1.68
20010426,0.45
20010427,1.47
20010430,0.03
20010501,1.37
20010502,0.33
20010503,-1.58
20010504,1.45
20010507,-0.34
20010508,-0.09
20010509,-0.49
20010510,-0.1
20010511,-0.74
20010514,0.11
20010515,0.06
20010516,2.78
20010517,0.52
20010518,0.22
20010521,1.87
20010522,-0.15
20010523,-1.71
20010524,0.41
20010525,-1.04
20010529,-1.06
20010530,-1.74
20010531,0.73
20010601,0.54
20010604,0.49
20010605,1.45
20010606,-0.97
20010607,0.54
20010608,-0.99
20010611,-0.98
20010612,0.02
20010613,-1.06
20010614,-1.96
20010615,-0.46
20010618,-0.63
20010619,0.21
20010620,1.07
20010621,0.98
20010622,-1
20010625,-0.54
20010626,-0.04
20010627,-0.22
20010628,1.31
20010629,0.35
20010702,0.56
20010703,-0.21
20010705,-1.24
20010706,-2.29
20010709,0.59
20010710,-1.49
20010711,-0.18
20010712,2.44
20010713,0.54
20010716,-1.16
20010717,1.05
20010718,-0.69
20010719,0.51
20010720,-0.33
20010723,-1.55
20010724,-1.7
20010725,1.37
20010726,1.19
20010727,0.26
20010730,-0.12
20010731,0.5
20010801,0.48
20010802,0.33
20010803,-0.49
20010806,-1.16
20010807,0.21
20010808,-1.72
20010809,-0.06
20010810,0.44
20010813,0.23
20010814,-0.3
20010815,-0.75
20010816,0.21
20010817,-1.63
20010820,0.71
20010821,-1.22
20010822,0.71
20010823,-0.31
20010824,1.84
20010827,-0.42
20010828,-1.46
20010829,-0.98
20010830,-1.6
20010831,0.42
20010904,-0.12
20010905,-0.32
20010906,-2.13
20010907,-1.83
20010910,0.37
20010917,-5.03
20010918,-0.82
20010919,-1.67
20010920,-3.05
20010921,-1.96
20010924,3.82
20010925,0.74
20010926,-0.67
20010927,1.1
20010928,2.25
20011001,-0.45
20011002,1.17
20011003,2.28
20011004,-0.12
20011005,0.04
20011008,-0.8
20011009,-0.51
20011010,2.35
20011011,1.73
20011012,-0.57
20011015,-0.09
20011016,0.78
20011017,-2.02
20011018,-0.73
20011019,0.54
20011022,1.51
20011023,-0.51
20011024,0.08
20011025,1.42
20011026,0.41
20011029,-2.33
20011030,-1.76
20011031,0.18
20011101,2.1
20011102,0.18
20011105,1.42
20011106,1.44
20011107,-0.23
20011108,0.07
20011109,0.07
20011112,-0.07
20011113,1.86
20011114,0.34
20011115,0
20011116,-0.25
20011119,1.15
20011120,-0.8
20011121,-0.48
20011123,1.17
20011126,0.72
20011127,-0.55
20011128,-1.78
20011129,1.15
20011130,-0.14
20011203,-0.86
20011204,1.44
20011205,2.31
20011206,-0.12
20011207,-0.74
20011210,-1.52
20011211,-0.2
20011212,0.04
20011213,-1.51
20011214,0.31
20011217,1.05
20011218,0.84
20011219,0.43
20011220,-0.93
20011221,0.57
20011224,0.02
20011226,0.5
20011227,0.69
20011228,0.41
20011231,-1.04
20020102,0.42
20020103,0.99
20020104,0.7
20020107,-0.7
20020108,-0.23
20020109,-0.45
20020110,0.08
20020111,-0.86
20020114,-0.85
20020115,0.67
20020116,-1.62
20020117,1.06
20020118,-1.08
20020122,-0.81
20020123,0.92
20020124,0.4
20020125,0.09
20020128,0.05
20020129,-2.54
20020130,1.05
20020131,1.35
20020201,-0.71
20020204,-2.37
20020205,-0.35
20020206,-0.78
20020207,-0.41
20020208,1.59
20020211,1.33
20020212,-0.28
20020213,0.99
20020214,-0.24
20020215,-1.12
20020219,-1.94
20020220,1.33
20020221,-1.52
20020222,0.75
20020225,1.66
20020226,0.11
20020227,0.08
20020228,-0.31
20020301,2.22
20020304,1.98
20020305,-0.54
20020306,1.39
20020307,-0.42
20020308,0.72
20020311,0.29
20020312,-0.28
20020313,-0.91
20020314,-0.05
20020315,1.06
20020318,0.09
20020319,0.34
20020320,-1.5
20020321,0.31
20020322,-0.42
20020325,-1.45
20020326,0.6
20020327,0.55
20020328,0.29
20020401,-0.12
20020402,-0.92
20020403,-0.98
20020404,0.12
20020405,-0.26
20020408,0.35
20020409,-0.6
20020410,1.15
20020411,-2.22
20020412,0.84
20020415,-0.67
20020416,2.26
20020417,-0.24
20020418,-0.14
20020419,0.07
20020422,-1.5
20020423,-0.52
20020424,-0.66
20020425,-0.11
20020426,-1.41
20020429,-0.88
20020430,1.2
20020501,0.74
20020502,-0.21
20020503,-0.96
20020506,-1.84
20020507,-0.36
20020508,3.57
20020509,-1.43
20020510,-1.64
20020513,1.75
20020514,2.2
20020515,-0.4
20020516,0.35
20020517,0.69
20020520,-1.28
20020521,-1.16
20020522,0.37
20020523,1.05
20020524,-1.17
20020528,-0.75
20020529,-0.67
20020530,-0.24
20020531,0.19
20020603,-2.43
20020604,-0.11
20020605,0.83
20020606,-1.91
20020607,0.08
20020610,0.21
20020611,-1.7
20020612,0.54
20020613,-1.1
20020614,-0.07
20020617,2.77
20020618,0.05
20020619,-1.63
20020620,-1.37
20020621,-1.53
20020624,0.18
20020625,-1.69
20020626,-0.27
20020627,1.68
20020628,0.12
20020701,-2.32
20020702,-2.27
20020703,0.41
20020705,3.55
20020708,-1.21
20020709,-2.36
20020710,-3.03
20020711,0.56
20020712,-0.55
20020715,-0.45
20020716,-1.5
20020717,0.63
20020718,-2.7
20020719,-3.38
20020722,-3.18
20020723,-2.86
20020724,5.43
20020725,-0.52
20020726,1.49
20020729,5.39
20020730,0.42
20020731,0.65
20020801,-2.68
20020802,-2.36
20020805,-3.34
20020806,3.03
20020807,1.81
20020808,3.05
20020809,0.3
20020812,-0.43
20020813,-2.15
20020814,3.76
20020815,1.17
20020816,0.06
20020819,2.17
20020820,-1.3
20020821,1.36
20020822,1.32
20020823,-2.25
20020826,0.83
20020827,-1.55
20020828,-1.79
20020829,0.21
20020830,-0.28
20020903,-3.95
20020904,1.83
20020905,-1.62
20020906,1.82
20020909,0.92
20020910,0.66
20020911,-0.03
20020912,-2.37
20020913,0.38
20020916,0.02
20020917,-1.91
20020918,-0.45
20020919,-2.96
20020920,0.19
20020923,-1.48
20020924,-1.54
20020925,2.44
20020926,1.74
20020927,-2.98
20020930,-1.28
20021001,3.56
20021002,-2.31
20021003,-1.14
20021004,-2.25
20021007,-2
20021008,1.54
20021009,-2.77
20021010,3.41
20021011,3.74
20021014,0.77
20021015,4.57
20021016,-2.42
20021017,2.4
20021018,0.49
20021021,1.65
20021022,-1.11
20021023,0.76
20021024,-1.44
20021025,1.69
20021028,-0.83
20021029,-0.87
20021030,1.03
20021031,-0.41
20021101,1.73
20021104,0.79
20021105,0.63
20021106,0.98
20021107,-2.22
20021108,-0.92
20021111,-2.09
20021112,0.83
20021113,0.02
20021114,2.43
20021115,0.61
20021118,-1
20021119,-0.48
20021120,1.93
20021121,2.16
20021122,-0.22
20021125,0.36
20021126,-2.03
20021127,2.78
20021129,-0.32
20021202,-0.1
20021203,-1.54
20021204,-0.38
20021205,-1.11
20021206,0.61
20021209,-2.26
20021210,1.44
20021211,0.1
20021212,-0.27
20021213,-1.37
20021216,2.21
20021217,-0.76
20021218,-1.34
20021219,-0.7
20021220,1.23
20021223,0.24
20021224,-0.52
20021226,-0.19
20021227,-1.53
20021230,0.34
20021231,0.12
20030102,3.14
20030103,-0.11
20030106,2.13
20030107,-0.63
20030108,-1.34
20030109,1.89
20030110,0.04
20030113,-0.12
20030114,0.55
20030115,-1.32
20030116,-0.34
20030117,-1.4
20030121,-1.53
20030122,-0.94
20030123,0.99
20030124,-2.78
20030127,-1.65
20030128,1.26
20030129,0.63
20030130,-2.13
20030131,1.28
20030203,0.37
20030204,-1.34
20030205,-0.49
20030206,-0.64
20030207,-1.06
20030210,0.69
20030211,-0.71
20030212,-1.25
20030213,-0.26
20030214,1.9
20030218,1.97
20030219,-0.7
20030220,-0.83
20030221,1.31
20030224,-1.78
20030225,0.7
20030226,-1.22
20030227,1.15
20030228,0.41
20030303,-0.67
20030304,-1.44
20030305,0.78
20030306,-0.84
20030307,0.76
20030310,-2.36
20030311,-0.81
20030312,0.32
20030313,3.39
20030314,0.13
20030317,3.41
20030318,0.44
20030319,0.72
20030320,0.28
20030321,2.19
20030324,-3.36
20030325,1.21
20030326,-0.55
20030327,-0.09
20030328,-0.48
20030331,-1.65
20030401,1.12
20030402,2.6
20030403,-0.49
20030404,0.15
20030407,0.18
20030408,-0.24
20030409,-1.28
20030410,0.52
20030411,-0.32
20030414,1.88
20030415,0.62
20030416,-1.11
20030417,1.52
20030421,-0.11
20030422,2.07
20030423,0.89
20030424,-0.81
20030425,-1.3
20030428,1.76
20030429,0.34
20030430,0.03
20030501,-0.03
20030502,1.56
20030505,-0.19
20030506,0.8
20030507,-0.46
20030508,-0.99
20030509,1.39
20030512,1.25
20030513,-0.23
20030514,-0.23
20030515,0.74
20030516,-0.31
20030519,-2.3
20030520,-0.12
20030521,0.41
20030522,0.96
20030523,0.26
20030527,1.95
20030528,0.22
20030529,-0.26
20030530,1.53
20030602,0.39
20030603,0.39
20030604,1.56
20030605,0.55
20030606,-0.33
20030609,-1.31
20030610,0.95
20030611,1.29
20030612,0.18
20030613,-1.02
20030616,2.15
20030617,0.13
20030618,-0.15
20030619,-1.49
20030620,0.05
20030623,-1.52
20030624,0.19
20030625,-0.6
20030626,1.12
20030627,-0.84
20030630,-0.17
20030701,0.73
20030702,1.28
20030703,-0.72
20030707,1.91
20030708,0.51
20030709,-0.34
20030710,-1.33
20030711,0.92
20030714,0.73
20030715,-0.41
20030716,-0.64
20030717,-1.45
20030718,1.08
20030721,-1.42
20030722,0.97
20030723,0.18
20030724,-0.65
20030725,1.51
20030728,-0.02
20030729,-0.57
20030730,-0.18
20030731,0.32
20030801,-1.06
20030804,0.11
20030805,-1.71
20030806,0.02
20030807,0.57
20030808,0.33
20030811,0.43
20030812,1.09
20030813,-0.5
20030814,0.62
20030815,0.1
20030818,1.03
20030819,0.43
20030820,-0.14
20030821,0.47
20030822,-1.06
20030825,-0.04
20030826,0.29
20030827,0.17
20030828,0.7
20030829,0.53
20030902,1.4
20030903,0.42
20030904,0.22
20030905,-0.62
20030908,1.07
20030909,-0.79
20030910,-1.37
20030911,0.62
20030912,0.23
20030915,-0.35
20030916,1.4
20030917,-0.26
20030918,1.25
20030919,-0.23
20030922,-1.3
20030923,0.65
20030924,-1.88
20030925,-0.81
20030926,-0.84
20030929,0.98
20030930,-0.96
20031001,2.16
20031002,0.31
20031003,1.02
20031006,0.49
20031007,0.51
20031008,-0.48
20031009,0.55
20031010,-0.08
20031013,0.81
20031014,0.44
20031015,-0.36
20031016,0.35
20031017,-1.11
20031020,0.41
20031021,0.24
20031022,-1.52
20031023,0.22
20031024,-0.45
20031027,0.4
20031028,1.59
20031029,0.28
20031030,-0.11
20031031,0.28
20031103,0.93
20031104,-0.45
20031105,-0.04
20031106,0.58
20031107,-0.33
20031110,-0.74
20031111,-0.21
20031112,1.33
20031113,0.03
20031114,-0.83
20031117,-0.72
20031118,-0.87
20031119,0.76
20031120,-0.77
20031121,0.21
20031124,1.71
20031125,0.31
20031126,0.4
20031128,0.11
20031201,1.11
20031202,-0.27
20031203,-0.34
20031204,0.26
20031205,-0.79
20031208,0.65
20031209,-0.95
20031210,-0.29
20031211,1.34
20031212,0.31
20031215,-0.73
20031216,0.5
20031217,0.15
20031218,1.24
20031219,-0.04
20031222,0.36
20031223,0.36
20031224,-0.18
20031226,0.19
20031229,1.29
20031230,0.05
20031231,0.01
20040102,-0.17
20040105,1.2
20040106,0.2
20040107,0.34
20040108,0.45
20040109,-0.72
20040112,0.57
20040113,-0.51
20040114,0.8
20040115,0.15
20040116,0.72
20040120,0.15
20040121,0.64
20040122,-0.32
20040123,-0.14
20040126,1.12
20040127,-0.96
20040128,-1.44
20040129,0.25
20040130,-0.15
20040202,0.27
20040203,0
20040204,-0.97
20040205,0.23
20040206,1.39
20040209,-0.1
20040210,0.56
20040211,1.04
20040212,-0.46
20040213,-0.57
20040217,0.98
20040218,-0.39
20040219,-0.54
20040220,-0.3
20040223,-0.51
20040224,-0.14
20040225,0.54
20040226,0.29
20040227,0.11
20040301,1.02
20040302,-0.59
20040303,0.14
20040304,0.44
20040305,0.24
20040308,-0.84
20040309,-0.66
20040310,-1.5
20040311,-1.42
20040312,1.34
20040315,-1.56
20040316,0.43
20040317,1.22
20040318,-0.2
20040319,-1
20040322,-1.42
20040323,-0.09
20040324,-0.27
20040325,1.68
20040326,0
20040329,1.34
20040330,0.47
20040331,0
20040401,0.64
20040402,0.9
20040405,0.79
20040406,-0.28
20040407,-0.5
20040408,-0.14
20040412,0.5
20040413,-1.5
20040414,-0.21
20040415,-0.04
20040416,0.46
20040419,0.22
20040420,-1.48
20040421,0.6
20040422,1.44
20040423,-0.01
20040426,-0.33
20040427,0.13
20040428,-1.46
20040429,-0.86
20040430,-0.66
20040503,0.85
20040504,0.21
20040505,0.27
20040506,-0.8
20040507,-1.48
20040510,-1.29
20040511,0.95
20040512,0.12
20040513,-0.08
20040514,-0.17
20040517,-1.13
20040518,0.76
20040519,-0.19
20040520,0.02
20040521,0.44
20040524,0.29
20040525,1.66
20040526,0.29
20040527,0.51
20040528,0.02
20040601,0.14
20040602,0.31
20040603,-0.9
20040604,0.57
20040607,1.57
20040608,0.08
20040609,-1.04
20040610,0.36
20040614,-1.05
20040615,0.71
20040616,0.14
20040617,-0.14
20040618,0.19
20040621,-0.42
20040622,0.38
20040623,0.9
20040624,-0.23
20040625,-0.23
20040628,-0.25
20040629,0.31
20040630,0.48
20040701,-1.06
20040702,-0.28
20040706,-0.94
20040707,0.15
20040708,-0.96
20040709,0.31
20040712,0.04
20040713,0.09
20040714,-0.33
20040715,-0.32
20040716,-0.56
20040719,-0.12
20040720,0.83
20040721,-1.49
20040722,0.14
20040723,-1.03
20040726,-0.39
20040727,1.1
20040728,-0.09
20040729,0.66
20040730,0.14
20040802,0.36
20040803,-0.75
20040804,-0.2
20040805,-1.63
20040806,-1.59
20040809,0.02
20040810,1.39
20040811,-0.29
20040812,-1.18
20040813,0.1
20040816,1.4
20040817,0.3
20040818,1.34
20040819,-0.38
20040820,0.79
20040823,-0.32
20040824,0.03
20040825,0.84
20040826,-0.05
20040827,0.33
20040830,-0.86
20040831,0.48
20040901,0.3
20040902,1.09
20040903,-0.45
20040907,0.73
20040908,-0.48
20040909,0.34
20040910,0.53
20040913,0.3
20040914,0.19
20040915,-0.67
20040916,0.36
20040917,0.35
20040920,-0.51
20040921,0.66
20040922,-1.37
20040923,-0.37
20040924,0.14
20040927,-0.71
20040928,0.63
20040929,0.5
20040930,0.06
20041001,1.48
20041004,0.38
20041005,-0.11
20041006,0.69
20041007,-1.05
20041008,-0.8
20041011,0.23
20041012,-0.23
20041013,-0.75
20041014,-0.92
20041015,0.45
20041018,0.51
20041019,-0.92
20041020,0.11
20041021,0.37
20041022,-1
20041025,-0.03
20041026,1.36
20041027,1.39
20041028,0.13
20041029,0.18
20041101,0.06
20041102,-0.01
20041103,1.17
20041104,1.51
20041105,0.44
20041108,-0.13
20041109,0.05
20041110,-0.01
20041111,0.9
20041112,0.86
20041115,0.07
20041116,-0.66
20041117,0.64
20041118,0.05
20041119,-1.11
20041122,0.6
20041123,0.06
20041124,0.47
20041126,0.12
20041129,-0.21
20041130,-0.37
20041201,1.48
20041202,-0.07
20041203,0.04
20041206,-0.13
20041207,-1.16
20041208,0.46
20041209,0.44
20041210,-0.01
20041213,0.86
20041214,0.45
20041215,0.33
20041216,-0.28
20041217,-0.55
20041220,-0.13
20041221,0.92
20041222,0.39
20041223,0.09
20041227,-0.45
20041228,0.83
20041229,0.01
20041230,0.04
20041231,-0.14
20050103,-0.97
20050104,-1.3
20050105,-0.51
20050106,0.34
20050107,-0.22
20050110,0.42
20050111,-0.68
20050112,0.38
20050113,-0.77
20050114,0.66
20050118,0.97
20050119,-0.97
20050120,-0.77
20050121,-0.56
20050124,-0.49
20050125,0.34
20050126,0.62
20050127,0.08
20050128,-0.3
20050131,0.97
20050201,0.69
20050202,0.36
20050203,-0.27
20050204,1.12
20050207,-0.11
20050208,0.08
20050209,-1
20050210,0.35
20050211,0.77
20050214,0.09
20050215,0.28
20050216,0.07
20050217,-0.79
20050218,0.01
20050222,-1.47
20050223,0.53
20050224,0.83
20050225,0.97
20050228,-0.61
20050301,0.58
20050302,-0.01
20050303,-0.01
20050304,0.89
20050307,0.27
20050308,-0.54
20050309,-0.96
20050310,0.01
20050311,-0.55
20050314,0.61
20050315,-0.67
20050316,-0.84
20050317,0.19
20050318,-0.13
20050321,-0.38
20050322,-0.92
20050323,-0.12
20050324,0.01
20050328,0.15
20050329,-0.86
20050330,1.35
20050331,0
20050401,-0.64
20050404,0.29
20050405,0.4
20050406,0.22
20050407,0.57
20050408,-0.88
20050411,-0.09
20050412,0.56
20050413,-1.22
20050414,-1.1
20050415,-1.59
20050418,0.29
20050419,0.75
20050420,-1.35
20050421,1.87
20050422,-0.83
20050425,0.93
20050426,-0.88
20050427,0.3
20050428,-1.2
20050429,1.04
20050502,0.52
20050503,-0.04
20050504,1.28
20050505,-0.19
20050506,-0.03
20050509,0.61
20050510,-1.03
20050511,0.39
20050512,-1.02
20050513,-0.5
20050516,1.03
20050517,0.66
20050518,1.15
20050519,0.47
20050520,-0.13
20050523,0.43
20050524,0.05
20050525,-0.44
20050526,0.74
20050527,0.18
20050531,-0.49
20050601,0.9
20050602,0.24
20050603,-0.67
20050606,0.14
20050607,-0.03
20050608,-0.28
20050609,0.58
20050610,-0.21
20050613,0.28
20050614,0.31
20050615,0.22
20050616,0.46
20050617,0.36
20050620,-0.07
20050621,-0.18
20050622,0.05
20050623,-1.07
20050624,-0.72
20050627,-0.07
20050628,1.05
20050629,-0.07
20050630,-0.63
20050701,0.32
20050705,0.92
20050706,-0.73
20050707,0.26
20050708,1.21
20050711,0.69
20050712,0.2
20050713,0.02
20050714,0.14
20050715,0.12
20050718,-0.55
20050719,0.75
20050720,0.54
20050721,-0.74
20050722,0.57
20050725,-0.47
20050726,0.21
20050727,0.43
20050728,0.67
20050729,-0.66
20050801,0.15
20050802,0.7
20050803,-0.02
20050804,-0.82
20050805,-0.81
20050808,-0.32
20050809,0.55
20050810,-0.13
20050811,0.71
20050812,-0.57
20050815,0.3
20050816,-1.22
20050817,0.05
20050818,-0.15
20050819,0.07
20050822,0.19
20050823,-0.31
20050824,-0.56
20050825,0.21
20050826,-0.66
20050829,0.65
20050830,-0.31
20050831,1.1
20050901,0.13
20050902,-0.36
20050906,1.22
20050907,0.3
20050908,-0.4
20050909,0.73
20050912,0
20050913,-0.76
20050914,-0.44
20050915,-0.02
20050916,0.72
20050919,-0.55
20050920,-0.78
20050921,-1.03
20050922,0.3
20050923,0.15
20050926,0.12
20050927,-0.02
20050928,0.06
20050929,0.92
20050930,0.2
20051003,0
20051004,-0.97
20051005,-1.63
20051006,-0.57
20051007,0.42
20051010,-0.73
20051011,-0.33
20051012,-0.79
20051013,-0.09
20051014,0.92
20051017,0.29
20051018,-1.03
20051019,1.45
20051020,-1.44
20051021,0.32
20051024,1.7
20051025,-0.3
20051026,-0.46
20051027,-1.24
20051028,1.55
20051031,0.96
20051101,-0.27
20051102,1.15
20051103,0.43
20051104,0.01
20051107,0.25
20051108,-0.37
20051109,0.15
20051110,0.8
20051111,0.27
20051114,-0.1
20051115,-0.49
20051116,0.11
20051117,1.06
20051118,0.43
20051121,0.6
20051122,0.48
20051123,0.31
20051125,0.18
20051128,-1.01
20051129,0.01
20051130,-0.43
20051201,1.27
20051202,0.05
20051205,-0.3
20051206,0.12
20051207,-0.49
20051208,-0.03
20051209,0.27
20051212,0.1
20051213,0.44
20051214,0.34
20051215,-0.23
20051216,-0.29
20051219,-0.73
20051220,-0.02
20051221,0.33
20051222,0.45
20051223,0.08
20051227,-1
20051228,0.19
20051229,-0.27
20051230,-0.5
20060103,1.5
20060104,0.46
20060105,0.03
20060106,0.92
20060109,0.45
20060110,0.05
20060111,0.28
20060112,-0.65
20060113,0.17
20060117,-0.4
20060118,-0.35
20060119,0.63
20060120,-1.8
20060123,0.18
20060124,0.44
20060125,-0.22
20060126,0.79
20060127,0.67
20060130,0.1
20060131,-0.21
20060201,0.14
20060202,-0.88
20060203,-0.51
20060206,0.1
20060207,-0.92
20060208,0.77
20060209,-0.19
20060210,0.15
20060213,-0.47
20060214,1.01
20060215,0.41
20060216,0.75
20060217,-0.16
20060221,-0.38
20060222,0.73
20060223,-0.29
20060224,0.19
20060227,0.4
20060228,-1.1
20060301,0.9
20060302,-0.16
20060303,-0.15
20060306,-0.75
20060307,-0.4
20060308,0.14
20060309,-0.51
20060310,0.69
20060313,0.24
20060314,1
20060315,0.48
20060316,0.11
20060317,0.18
20060320,-0.07
20060321,-0.69
20060322,0.62
20060323,-0.18
20060324,0.22
20060327,-0.07
20060328,-0.61
20060329,0.87
20060330,-0.16
20060331,-0.23
20060403,0.07
20060404,0.54
20060405,0.42
20060406,-0.15
20060407,-1.02
20060410,-0.02
20060411,-0.83
20060412,0.19
20060413,0.12
20060417,-0.28
20060418,1.71
20060419,0.33
20060420,0.01
20060421,-0.1
20060424,-0.3
20060425,-0.44
20060426,0.2
20060427,0.24
20060428,0.05
20060501,-0.41
20060502,0.54
20060503,-0.31
20060504,0.37
20060505,1.04
20060508,-0.05
20060509,-0.01
20060510,-0.2
20060511,-1.35
20060512,-1.26
20060515,0.04
20060516,-0.12
20060517,-1.66
20060518,-0.69
20060519,0.38
20060522,-0.55
20060523,-0.44
20060524,0.03
20060525,1.22
20060526,0.6
20060530,-1.65
20060531,0.94
20060601,1.29
20060602,0.16
20060605,-1.94
20060606,-0.28
20060607,-0.57
20060608,0.01
20060609,-0.44
20060612,-1.48
20060613,-1.15
20060614,0.46
20060615,2.33
20060616,-0.43
20060619,-1.01
20060620,-0.07
20060621,1.11
20060622,-0.52
20060623,0.03
20060626,0.5
20060627,-1
20060628,0.47
20060629,2.29
20060630,-0.02
20060703,0.72
20060705,-0.88
20060706,0.23
20060707,-0.8
20060710,0.04
20060711,0.37
20060712,-1.21
20060713,-1.43
20060714,-0.6
20060717,-0.22
20060718,0.17
20060719,1.98
20060720,-1.11
20060721,-0.89
20060724,1.75
20060725,0.69
20060726,-0.13
20060727,-0.58
20060728,1.31
20060731,-0.09
20060801,-0.6
20060802,0.64
20060803,0.27
20060804,-0.13
20060807,-0.35
20060808,-0.42
20060809,-0.52
20060810,0.49
20060811,-0.49
20060814,0.12
20060815,1.46
20060816,0.9
20060817,0.18
20060818,0.3
20060821,-0.48
20060822,0.07
20060823,-0.55
20060824,0.16
20060825,-0.07
20060828,0.58
20060829,0.33
20060830,0.13
20060831,0.03
20060901,0.49
20060905,0.21
20060906,-1.13
20060907,-0.5
20060908,0.32
20060911,-0.03
20060912,1.18
20060913,0.45
20060914,-0.16
20060915,0.21
20060918,0.04
20060919,-0.29
20060920,0.6
20060921,-0.59
20060922,-0.41
20060925,0.86
20060926,0.71
20060927,0.08
20060928,0.15
20060929,-0.33
20061002,-0.43
20061003,0.13
20061004,1.28
20061005,0.43
20061006,-0.31
20061009,0.2
20061010,0.21
20061011,-0.3
20061012,1.07
20061013,0.22
20061016,0.34
20061017,-0.44
20061018,0.08
20061019,0.1
20061020,-0.02
20061023,0.56
20061024,0.01
20061025,0.32
20061026,0.63
20061027,-0.88
20061030,0.07
20061031,-0.07
20061101,-0.87
20061102,-0.05
20061103,-0.12
20061106,1.16
20061107,0.23
20061108,0.29
20061109,-0.58
20061110,0.26
20061113,0.27
20061114,0.71
20061115,0.35
20061116,0.16
20061117,0.03
20061120,-0.06
20061121,0.14
20061122,0.28
20061124,-0.32
20061127,-1.53
20061128,0.3
20061129,0.95
20061130,0.11
20061201,-0.3
20061204,0.99
20061205,0.41
20061206,-0.1
20061207,-0.41
20061208,0.14
20061211,0.18
20061212,-0.2
20061213,0.09
20061214,0.8
20061215,0.07
20061218,-0.46
20061219,0.16
20061220,-0.12
20061221,-0.38
20061222,-0.48
20061226,0.44
20061227,0.74
20061228,-0.18
20061229,-0.51
20070103,-0.04
20070104,0.16
20070105,-0.73
20070108,0.24
20070109,0
20070110,0.23
20070111,0.74
20070112,0.5
20070116,0
20070117,-0.14
20070118,-0.48
20070119,0.33
20070122,-0.55
20070123,0.37
20070124,0.84
20070125,-1.15
20070126,-0.06
20070129,0.02
20070130,0.52
20070131,0.64
20070201,0.59
20070202,0.15
20070205,-0.12
20070206,0.1
20070207,0.21
20070208,-0.1
20070209,-0.76
20070212,-0.35
20070213,0.72
20070214,0.73
20070215,0.11
20070216,0
20070220,0.42
20070221,-0.09
20070222,-0.06
20070223,-0.31
20070226,-0.19
20070227,-3.43
20070228,0.47
20070301,-0.25
20070302,-1.24
20070305,-1.11
20070306,1.58
20070307,-0.21
20070308,0.68
20070309,0.09
20070312,0.28
20070313,-2.03
20070314,0.57
20070315,0.44
20070316,-0.42
20070319,1.08
20070320,0.67
20070321,1.64
20070322,-0.02
20070323,0.08
20070326,0.06
20070327,-0.61
20070328,-0.74
20070329,0.29
20070330,-0.07
20070402,0.22
20070403,0.93
20070404,0.09
20070405,0.31
20070409,0.05
20070410,0.22
20070411,-0.64
20070412,0.61
20070413,0.34
20070416,1.06
20070417,0.09
20070418,0
20070419,-0.23
20070420,0.89
20070423,-0.24
20070424,-0.1
20070425,0.91
20070426,-0.02
20070427,-0.13
20070430,-0.93
20070501,0.22
20070502,0.79
20070503,0.37
20070504,0.25
20070507,0.18
20070508,-0.13
20070509,0.35
20070510,-1.42
20070511,0.95
20070514,-0.28
20070515,-0.27
20070516,0.82
20070517,-0.1
20070518,0.66
20070521,0.31
20070522,0.08
20070523,-0.18
20070524,-1.07
20070525,0.55
20070529,0.24
20070530,0.77
20070531,0.13
20070601,0.44
20070604,0.18
20070605,-0.55
20070606,-0.92
20070607,-1.75
20070608,1.07
20070611,0.08
20070612,-1.06
20070613,1.37
20070614,0.5
20070615,0.69
20070618,-0.13
20070619,0.14
20070620,-1.29
20070621,0.56
20070622,-1.25
20070625,-0.39
20070626,-0.35
20070627,0.92
20070628,0.03
20070629,-0.19
20070702,1.06
20070703,0.36
20070705,0.07
20070706,0.4
20070709,0.1
20070710,-1.43
20070711,0.55
20070712,1.78
20070713,0.28
20070716,-0.31
20070717,0.02
20070718,-0.25
20070719,0.44
20070720,-1.25
20070723,0.36
20070724,-2.04
20070725,0.3
20070726,-2.36
20070727,-1.51
20070730,0.93
20070731,-1.19
20070801,0.51
20070802,0.55
20070803,-2.66
20070806,2.07
20070807,0.65
20070808,1.47
20070809,-2.74
20070810,0.03
20070813,-0.06
20070814,-1.83
20070815,-1.46
20070816,0.31
20070817,2.36
20070820,0
20070821,0.15
20070822,1.2
20070823,-0.23
20070824,1.21
20070827,-0.85
20070828,-2.33
20070829,2.13
20070830,-0.43
20070831,1.12
20070904,1.03
20070905,-1.05
20070906,0.42
20070907,-1.7
20070910,-0.27
20070911,1.35
20070912,-0.03
20070913,0.69
20070914,0.1
20070917,-0.6
20070918,2.88
20070919,0.59
20070920,-0.65
20070921,0.43
20070924,-0.56
20070925,-0.03
20070926,0.6
20070927,0.43
20070928,-0.37
20071001,1.37
20071002,0.11
20071003,-0.48
20071004,0.18
20071005,1.1
20071008,-0.27
20071009,0.78
20071010,-0.13
20071011,-0.58
20071012,0.51
20071015,-0.89
20071016,-0.67
20071017,0.22
20071018,-0.1
20071019,-2.45
20071022,0.47
20071023,0.85
20071024,-0.33
20071025,-0.19
20071026,1.38
20071029,0.4
20071030,-0.64
20071031,1.23
20071101,-2.66
20071102,0.08
20071105,-0.59
20071106,1.19
20071107,-2.77
20071108,-0.05
20071109,-1.46
20071112,-1.08
20071113,2.81
20071114,-0.63
20071115,-1.25
20071116,0.41
20071119,-1.81
20071120,0.31
20071121,-1.54
20071123,1.59
20071126,-2.09
20071127,1.31
20071128,2.9
20071129,0.01
20071130,0.7
20071203,-0.6
20071204,-0.61
20071205,1.47
20071206,1.55
20071207,-0.07
20071210,0.71
20071211,-2.5
20071212,0.48
20071213,0.06
20071214,-1.36
20071217,-1.59
20071218,0.65
20071219,-0.1
20071220,0.64
20071221,1.64
20071224,0.8
20071226,0.1
20071227,-1.49
20071228,0.12
20071231,-0.65
20080102,-1.46
20080103,-0.14
20080104,-2.56
20080107,0.16
20080108,-1.81
20080109,1.1
20080110,0.89
20080111,-1.42
20080114,1.02
20080115,-2.39
20080116,-0.51
20080117,-2.8
20080118,-0.56
20080122,-0.98
20080123,2.04
20080124,1.02
20080125,-1.39
20080128,1.71
20080129,0.69
20080130,-0.59
20080131,1.66
20080201,1.48
20080204,-0.99
20080205,-3.01
20080206,-0.85
20080207,0.82
20080208,-0.3
20080211,0.58
20080212,0.61
20080213,1.46
20080214,-1.35
20080215,-0.02
20080219,-0.06
20080220,0.83
20080221,-1.28
20080222,0.61
20080225,1.46
20080226,0.72
20080227,-0.11
20080228,-0.93
20080229,-2.64
20080303,-0.04
20080304,-0.36
20080305,0.56
20080306,-2.26
20080307,-0.88
20080310,-1.72
20080311,3.57
20080312,-0.77
20080313,0.65
20080314,-2.07
20080317,-1.21
20080318,4.09
20080319,-2.37
20080320,2.3
20080324,1.71
20080325,0.38
20080326,-0.82
20080327,-1.13
20080328,-0.82
20080331,0.57
20080401,3.37
20080402,-0.09
20080403,0.14
20080404,0.16
20080407,0.14
20080408,-0.34
20080409,-0.96
20080410,0.53
20080411,-2.02
20080414,-0.38
20080415,0.46
20080416,2.27
20080417,-0.1
20080418,1.67
20080421,-0.17
20080422,-0.97
20080423,0.26
20080424,0.66
20080425,0.68
20080428,-0.03
20080429,-0.36
20080430,-0.3
20080501,1.66
20080502,0.2
20080505,-0.41
20080506,0.75
20080507,-1.66
20080508,0.37
20080509,-0.54
20080512,1.1
20080513,0.09
20080514,0.38
20080515,1.02
20080516,0.1
20080519,-0.02
20080520,-0.8
20080521,-1.56
20080522,0.38
20080523,-1.24
20080527,0.72
20080528,0.49
20080529,0.61
20080530,0.29
20080602,-0.98
20080603,-0.46
20080604,0.02
20080605,1.95
20080606,-2.9
20080609,-0.03
20080610,-0.31
20080611,-1.66
20080612,0.31
20080613,1.55
20080616,0.15
20080617,-0.55
20080618,-0.96
20080619,0.34
20080620,-1.79
20080623,-0.16
20080624,-0.54
20080625,0.64
20080626,-2.83
20080627,-0.37
20080630,-0.07
20080701,0.29
20080702,-2
20080703,-0.15
20080707,-0.81
20080708,1.84
20080709,-2.06
20080710,0.65
20080711,-0.88
20080714,-0.93
20080715,-0.96
20080716,2.52
20080717,1.13
20080718,-0.08
20080721,0.16
20080722,1.37
20080723,0.32
20080724,-2.31
20080725,0.47
20080728,-1.76
20080729,2.27
20080730,1.58
20080731,-1.16
20080801,-0.47
20080804,-1.09
20080805,2.65
20080806,0.5
20080807,-1.73
20080808,2.28
20080811,0.83
20080812,-1.05
20080813,-0.15
20080814,0.63
20080815,0.38
20080818,-1.45
20080819,-1
20080820,0.54
20080821,0.12
20080822,1.14
20080825,-1.92
20080826,0.33
20080827,0.88
20080828,1.51
20080829,-1.25
20080902,-0.44
20080903,-0.23
20080904,-2.9
20080905,0.42
20080908,1.76
20080909,-3.41
20080910,0.7
20080911,1.22
20080912,0.29
20080915,-4.45
20080916,1.65
20080917,-4.6
20080918,4.41
20080919,4.27
20080922,-3.94
20080923,-1.55
20080924,-0.32
20080925,1.7
20080926,0.11
20080929,-8.26
20080930,4.88
20081001,-0.47
20081002,-4.2
20081003,-1.47
20081006,-3.95
20081007,-5.76
20081008,-1.27
20081009,-7.36
20081010,-0.95
20081013,11.35
20081014,-0.86
20081015,-8.78
20081016,4.32
20081017,-0.41
20081020,4.55
20081021,-2.95
20081022,-5.76
20081023,0.29
20081024,-3.28
20081027,-3.36
20081028,9.77
20081029,-0.47
20081030,2.99
20081031,1.88
20081103,-0.05
20081104,3.57
20081105,-5.05
20081106,-4.83
20081107,2.62
20081110,-1.32
20081111,-2.25
20081112,-5.14
20081113,6.79
20081114,-4.27
20081117,-2.43
20081118,0.7
20081119,-6.29
20081120,-6.6
20081121,6.11
20081124,6.27
20081125,0.94
20081126,3.88
20081128,1.06
20081201,-8.95
20081202,3.97
20081203,2.63
20081204,-2.9
20081205,3.75
20081208,3.8
20081209,-2.23
20081210,1.2
20081211,-2.93
20081212,0.96
20081215,-1.54
20081216,5.15
20081217,-0.62
20081218,-1.83
20081219,0.35
20081222,-1.87
20081223,-0.89
20081224,0.51
20081226,0.63
20081229,-0.56
20081230,2.47
20081231,1.7
20090102,3.11
20090105,-0.28
20090106,0.87
20090107,-2.96
20090108,0.47
20090109,-2.21
20090112,-2.28
20090113,0.28
20090114,-3.38
20090115,0.39
20090116,0.74
20090120,-5.34
20090121,4.21
20090122,-1.62
20090123,0.44
20090126,0.54
20090127,1.08
20090128,3.32
20090129,-3.23
20090130,-2.16
20090202,0.06
20090203,1.46
20090204,-0.6
20090205,1.61
20090206,2.79
20090209,0.03
20090210,-4.62
20090211,0.75
20090212,0.3
20090213,-0.85
20090217,-4.36
20090218,-0.33
20090219,-1.15
20090220,-1.16
20090223,-3.43
20090224,4
20090225,-1.15
20090226,-1.53
20090227,-2.01
20090302,-4.75
20090303,-0.71
20090304,2.42
20090305,-4.21
20090306,0.2
20090309,-1.09
20090310,6.35
20090311,0.3
20090312,4.16
20090313,0.73
20090316,-0.55
20090317,3.2
20090318,2.18
20090319,-1.03
20090320,-1.95
20090323,6.89
20090324,-1.93
20090325,0.94
20090326,2.68
20090327,-2.06
20090330,-3.47
20090331,1.29
20090401,1.65
20090402,3.07
20090403,1.02
20090406,-0.92
20090407,-2.42
20090408,1.28
20090409,3.91
20090413,0.26
20090414,-2.02
20090415,1.12
20090416,1.69
20090417,0.55
20090420,-4.32
20090421,2.19
20090422,-0.61
20090423,0.66
20090424,1.77
20090427,-0.95
20090428,-0.2
20090429,2.41
20090430,-0.04
20090501,0.45
20090504,3.36
20090505,-0.27
20090506,1.45
20090507,-1.42
20090508,2.48
20090511,-2.01
20090512,-0.31
20090513,-2.91
20090514,1.11
20090515,-1.02
20090518,3.13
20090519,-0.04
20090520,-0.48
20090521,-1.68
20090522,-0.15
20090526,2.78
20090527,-1.8
20090528,1.35
20090529,1.38
20090601,2.72
20090602,0.29
20090603,-1.39
20090604,1.18
20090605,-0.19
20090608,-0.2
20090609,0.49
20090610,-0.35
20090611,0.63
20090612,0.03
20090615,-2.38
20090616,-1.33
20090617,-0.08
20090618,0.74
20090619,0.35
20090622,-3.08
20090623,0.08
20090624,0.78
20090625,2.19
20090626,0.04
20090629,0.82
20090630,-0.74
20090701,0.54
20090702,-2.89
20090706,-0.03
20090707,-1.93
20090708,-0.2
20090709,0.35
20090710,-0.35
20090713,2.43
20090714,0.59
20090715,2.98
20090716,0.94
20090717,-0.05
20090720,1.19
20090721,0.31
20090722,0.08
20090723,2.37
20090724,0.38
20090727,0.3
20090728,-0.2
20090729,-0.46
20090730,1.24
20090731,0.05
20090803,1.63
20090804,0.32
20090805,-0.3
20090806,-0.62
20090807,1.44
20090810,-0.32
20090811,-1.25
20090812,1.21
20090813,0.73
20090814,-0.97
20090817,-2.46
20090818,1.11
20090819,0.72
20090820,1
20090821,1.83
20090824,-0.09
20090825,0.27
20090826,-0.01
20090827,0.21
20090828,-0.19
20090831,-0.86
20090901,-2.15
20090902,-0.28
20090903,0.93
20090904,1.31
20090908,0.88
20090909,0.9
20090910,1.08
20090911,-0.1
20090914,0.65
20090915,0.44
20090916,1.55
20090917,-0.3
20090918,0.23
20090921,-0.27
20090922,0.66
20090923,-1
20090924,-1.07
20090925,-0.64
20090928,1.79
20090929,-0.12
20090930,-0.4
20091001,-2.63
20091002,-0.49
20091005,1.54
20091006,1.42
20091007,0.28
20091008,0.82
20091009,0.59
20091012,0.36
20091013,-0.22
20091014,1.73
20091015,0.35
20091016,-0.82
20091019,0.92
20091020,-0.69
20091021,-0.9
20091022,1.05
20091023,-1.23
20091026,-1.2
20091027,-0.51
20091028,-2.16
20091029,2.2
20091030,-2.8
20091102,0.54
20091103,0.45
20091104,0.03
20091105,2.07
20091106,0.24
20091109,2.17
20091110,-0.05
20091111,0.52
20091112,-1.12
20091113,0.61
20091116,1.54
20091117,0.14
20091118,-0.13
20091119,-1.39
20091120,-0.33
20091123,1.3
20091124,-0.09
20091125,0.47
20091127,-1.74
20091130,0.28
20091201,1.28
20091202,0.18
20091203,-0.86
20091204,0.7
20091207,-0.15
20091208,-0.97
20091209,0.32
20091210,0.5
20091211,0.43
20091214,0.8
20091215,-0.48
20091216,0.19
20091217,-1.18
20091218,0.68
20091221,1.03
20091222,0.43
20091223,0.36
20091224,0.51
20091228,0.08
20091229,-0.09
20091230,0
20091231,-0.99
20100104,1.69
20100105,0.31
20100106,0.13
20100107,0.4
20100108,0.33
20100111,0.13
20100112,-1
20100113,0.85
20100114,0.24
20100115,-1.12
20100119,1.26
20100120,-0.98
20100121,-1.74
20100122,-2.14
20100125,0.37
20100126,-0.45
20100127,0.53
20100128,-1.18
20100129,-0.97
20100201,1.39
20100202,1.21
20100203,-0.49
20100204,-3.14
20100205,0.29
20100208,-0.79
20100209,1.33
20100210,-0.17
20100211,1.13
20100212,-0.07
20100216,1.75
20100217,0.49
20100218,0.62
20100219,0.28
20100222,-0.05
20100223,-1.24
20100224,0.94
20100225,-0.13
20100226,0.13
20100301,1.2
20100302,0.32
20100303,0.09
20100304,0.37
20100305,1.43
20100308,0.02
20100309,0.21
20100310,0.53
20100311,0.43
20100312,-0.02
20100315,-0.02
20100316,0.78
20100317,0.57
20100318,-0.1
20100319,-0.62
20100322,0.67
20100323,0.8
20100324,-0.6
20100325,-0.26
20100326,0.06
20100329,0.59
20100330,0.04
20100331,-0.36
20100401,0.75
20100405,0.95
20100406,0.19
20100407,-0.48
20100408,0.31
20100409,0.66
20100412,0.23
20100413,0.07
20100414,1.24
20100415,0.11
20100416,-1.53
20100419,0.28
20100420,0.88
20100421,-0.06
20100422,0.37
20100423,0.7
20100426,-0.43
20100427,-2.34
20100428,0.56
20100429,1.34
20100430,-1.72
20100503,1.36
20100504,-2.5
20100505,-0.75
20100506,-3.27
20100507,-1.75
20100510,4.47
20100511,-0.17
20100512,1.63
20100513,-1.12
20100514,-1.92
20100517,0.11
20100518,-1.41
20100519,-0.63
20100520,-3.99
20100521,1.44
20100524,-1.19
20100525,-0.03
20100526,-0.35
20100527,3.45
20100528,-1.18
20100601,-1.89
20100602,2.63
20100603,0.54
20100604,-3.62
20100607,-1.52
20100608,0.9
20100609,-0.46
20100610,2.95
20100611,0.62
20100614,-0.06
20100615,2.36
20100616,-0.11
20100617,0.08
20100618,0.13
20100621,-0.47
20100622,-1.63
20100623,-0.29
20100624,-1.65
20100625,0.48
20100628,-0.23
20100629,-3.23
20100630,-0.98
20100701,-0.4
20100702,-0.5
20100706,0.33
20100707,3.17
20100708,1
20100709,0.81
20100712,-0.11
20100713,1.76
20100714,-0.04
20100715,0.02
20100716,-2.94
20100719,0.54
20100720,1.23
20100721,-1.3
20100722,2.37
20100723,1.05
20100726,1.23
20100727,-0.23
20100728,-0.82
20100729,-0.36
20100730,0.06
20100802,2.08
20100803,-0.55
20100804,0.74
20100805,-0.22
20100806,-0.36
20100809,0.62
20100810,-0.79
20100811,-2.91
20100812,-0.5
20100813,-0.47
20100816,0.1
20100817,1.31
20100818,0.21
20100819,-1.74
20100820,-0.28
20100823,-0.5
20100824,-1.48
20100825,0.45
20100826,-0.76
20100827,1.82
20100830,-1.54
20100831,0.01
20100901,3.05
20100902,0.97
20100903,1.35
20100907,-1.23
20100908,0.65
20100909,0.44
20100910,0.45
20100913,1.3
20100914,-0.06
20100915,0.36
20100916,-0.07
20100917,0.15
20100920,1.6
20100921,-0.31
20100922,-0.52
20100923,-0.78
20100924,2.19
20100927,-0.46
20100928,0.58
20100929,-0.17
20100930,-0.26
20101001,0.43
20101004,-0.88
20101005,2.11
20101006,-0.1
20101007,-0.16
20101008,0.74
20101011,0.04
20101012,0.39
20101013,0.78
20101014,-0.38
20101015,0.18
20101018,0.69
20101019,-1.67
20101020,1.06
20101021,0.11
20101022,0.29
20101025,0.31
20101026,0.02
20101027,-0.24
20101028,0.08
20101029,0.07
20101101,-0.01
20101102,0.9
20101103,0.38
20101104,1.94
20101105,0.41
20101108,-0.12
20101109,-0.78
20101110,0.53
20101111,-0.35
20101112,-1.29
20101115,-0.09
20101116,-1.58
20101117,0.07
20101118,1.57
20101119,0.31
20101122,-0.02
20101123,-1.38
20101124,1.59
20101126,-0.67
20101129,-0.13
20101130,-0.59
20101201,2.12
20101202,1.23
20101203,0.35
20101206,-0.03
20101207,0.1
20101208,0.32
20101209,0.42
20101210,0.67
20101213,-0.08
20101214,0.09
20101215,-0.49
20101216,0.7
20101217,0.15
20101220,0.23
20101221,0.68
20101222,0.29
20101223,-0.16
20101227,0.08
20101228,0
20101229,0.17
20101230,-0.11
20101231,-0.1
20110103,1.18
20110104,-0.26
20110105,0.59
20110106,-0.15
20110107,-0.21
20110110,-0.02
20110111,0.39
20110112,0.87
20110113,-0.17
20110114,0.69
20110118,0.18
20110119,-1.24
20110120,-0.3
20110121,0.11
20110124,0.65
20110125,0.02
20110126,0.6
20110127,0.26
20110128,-1.88
20110131,0.71
20110201,1.75
20110202,-0.26
20110203,0.26
20110204,0.29
20110207,0.7
20110208,0.48
20110209,-0.31
20110210,0.12
20110211,0.67
20110214,0.3
20110215,-0.38
20110216,0.68
20110217,0.37
20110218,0.12
20110222,-2.19
20110223,-0.78
20110224,0.04
20110225,1.22
20110228,0.42
20110301,-1.58
20110302,0.28
20110303,1.76
20110304,-0.67
20110307,-0.96
20110308,0.97
20110309,-0.17
20110310,-1.93
20110311,0.69
20110314,-0.59
20110315,-1.05
20110316,-1.77
20110317,1.12
20110318,0.49
20110321,1.58
20110322,-0.34
20110323,0.31
20110324,0.96
20110325,0.41
20110328,-0.35
20110329,0.74
20110330,0.79
20110331,-0.11
20110401,0.52
20110404,0.09
20110405,0.08
20110406,0.21
20110407,-0.2
20110408,-0.47
20110411,-0.39
20110412,-0.84
20110413,0.11
20110414,0
20110415,0.44
20110418,-1.15
20110419,0.5
20110420,1.45
20110421,0.56
20110425,-0.16
20110426,0.89
20110427,0.66
20110428,0.32
20110429,0.29
20110502,-0.28
20110503,-0.5
20110504,-0.74
20110505,-0.82
20110506,0.46
20110509,0.55
20110510,0.86
20110511,-1.09
20110512,0.52
20110513,-0.88
20110516,-0.76
20110517,-0.11
20110518,1.02
20110519,0.22
20110520,-0.73
20110523,-1.29
20110524,-0.14
20110525,0.45
20110526,0.52
20110527,0.49
20110531,1.04
20110601,-2.33
20110602,-0.1
20110603,-1.1
20110606,-1.18
20110607,-0.04
20110608,-0.54
20110609,0.75
20110610,-1.37
20110613,0.01
20110614,1.36
20110615,-1.72
20110616,0.12
20110617,0.25
20110620,0.58
20110621,1.52
20110622,-0.62
20110623,-0.14
20110624,-1.1
20110627,0.89
20110628,1.36
20110629,0.77
20110630,0.99
20110701,1.45
20110705,-0.08
20110706,0.18
20110707,1.1
20110708,-0.67
20110711,-1.91
20110712,-0.45
20110713,0.45
20110714,-0.82
20110715,0.58
20110718,-0.94
20110719,1.72
20110720,-0.1
20110721,1.29
20110722,0.1
20110725,-0.68
20110726,-0.47
20110727,-2.16
20110728,-0.31
20110729,-0.56
20110801,-0.4
20110802,-2.68
20110803,0.58
20110804,-5.04
20110805,-0.36
20110808,-6.97
20110809,4.97
20110810,-4.3
20110811,4.72
20110812,0.54
20110815,2.25
20110816,-1.07
20110817,-0.01
20110818,-4.65
20110819,-1.55
20110822,-0.03
20110823,3.6
20110824,1.35
20110825,-1.67
20110826,1.74
20110829,3.11
20110830,0.32
20110831,0.42
20110901,-1.33
20110902,-2.64
20110906,-0.71
20110907,3.06
20110908,-1.18
20110909,-2.65
20110912,0.68
20110913,1.12
20110914,1.45
20110915,1.64
20110916,0.47
20110919,-0.99
20110920,-0.45
20110921,-2.92
20110922,-3.29
20110923,0.74
20110926,2.28
20110927,1.22
20110928,-2.29
20110929,0.77
20110930,-2.5
20111003,-3.18
20111004,2.68
20111005,1.92
20111006,1.94
20111007,-0.98
20111010,3.44
20111011,0.15
20111012,1.07
20111013,-0.21
20111014,1.72
20111017,-2.06
20111018,2.11
20111019,-1.38
20111020,0.43
20111021,1.92
20111024,1.59
20111025,-2.13
20111026,1.12
20111027,3.54
20111028,-0.01
20111031,-2.5
20111101,-2.86
20111102,1.72
20111103,1.97
20111104,-0.53
20111107,0.48
20111108,1.21
20111109,-3.78
20111110,0.83
20111111,1.98
20111114,-0.92
20111115,0.56
20111116,-1.64
20111117,-1.65
20111118,-0.07
20111121,-1.87
20111122,-0.44
20111123,-2.29
20111125,-0.34
20111128,3.1
20111129,0.18
20111130,4.44
20111201,-0.22
20111202,0.05
20111205,1.09
20111206,0.04
20111207,0.16
20111208,-2.23
20111209,1.83
20111212,-1.48
20111213,-1.05
20111214,-1.21
20111215,0.4
20111216,0.45
20111219,-1.31
20111220,3.1
20111221,0.2
20111222,0.83
20111223,0.84
20111227,0.04
20111228,-1.34
20111229,1.1
20111230,-0.4
20120103,1.5
20120104,0
20120105,0.39
20120106,-0.19
20120109,0.28
20120110,0.97
20120111,0.13
20120112,0.31
20120113,-0.52
20120117,0.36
20120118,1.22
20120119,0.51
20120120,0.03
20120123,0.02
20120124,0
20120125,0.91
20120126,-0.59
20120127,0.01
20120130,-0.31
20120131,-0.05
20120201,1.1
20120202,0.17
20120203,1.58
20120206,-0.05
20120207,0.16
20120208,0.25
20120209,0.15
20120210,-0.75
20120213,0.75
20120214,-0.09
20120215,-0.5
20120216,1.27
20120217,0.16
20120221,-0.05
20120222,-0.39
20120223,0.56
20120224,0.15
20120227,0.14
20120228,0.28
20120229,-0.55
20120301,0.64
20120302,-0.46
20120305,-0.4
20120306,-1.62
20120307,0.8
20120308,1.07
20120309,0.49
20120312,-0.07
20120313,1.86
20120314,-0.23
20120315,0.67
20120316,0.06
20120319,0.41
20120320,-0.39
20120321,-0.1
20120322,-0.74
20120323,0.39
20120326,1.45
20120327,-0.3
20120328,-0.51
20120329,-0.16
20120330,0.28
20120402,0.77
20120403,-0.34
20120404,-1.11
20120405,-0.03
20120409,-1.21
20120410,-1.85
20120411,0.85
20120412,1.44
20120413,-1.25
20120416,-0.09
20120417,1.55
20120418,-0.43
20120419,-0.57
20120420,0.11
20120423,-0.95
20120424,0.29
20120425,1.44
20120426,0.75
20120427,0.35
20120430,-0.49
20120501,0.48
20120502,-0.15
20120503,-0.92
20120504,-1.62
20120507,0.04
20120508,-0.41
20120509,-0.62
20120510,0.29
20120511,-0.29
20120514,-1.14
20120515,-0.52
20120516,-0.44
20120517,-1.64
20120518,-0.8
20120521,1.69
20120522,0
20120523,0.26
20120524,0.16
20120525,-0.16
20120529,1.14
20120530,-1.47
20120531,-0.23
20120601,-2.6
20120604,-0.05
20120605,0.68
20120606,2.32
20120607,-0.1
20120608,0.85
20120611,-1.4
20120612,1.16
20120613,-0.77
20120614,1.04
20120615,1.07
20120618,0.21
20120619,1.09
20120620,-0.14
20120621,-2.26
20120622,0.79
20120625,-1.62
20120626,0.52
20120627,0.92
20120628,-0.24
20120629,2.55
20120702,0.33
20120703,0.76
20120705,-0.36
20120706,-0.99
20120709,-0.23
20120710,-0.84
20120711,-0.08
20120712,-0.5
20120713,1.62
20120716,-0.31
20120717,0.67
20120718,0.71
20120719,0.27
20120720,-1.06
20120723,-1.02
20120724,-0.99
20120725,-0.01
20120726,1.53
20120727,1.96
20120730,-0.13
20120731,-0.47
20120801,-0.5
20120802,-0.69
20120803,1.99
20120806,0.34
20120807,0.64
20120808,0.09
20120809,0.12
20120810,0.17
20120813,-0.14
20120814,-0.03
20120815,0.27
20120816,0.75
20120817,0.27
20120820,-0.06
20120821,-0.31
20120822,0
20120823,-0.78
20120824,0.61
20120827,-0.06
20120828,0.01
20120829,0.15
20120830,-0.8
20120831,0.52
20120904,0.08
20120905,-0.05
20120906,2.07
20120907,0.45
20120910,-0.57
20120911,0.28
20120912,0.27
20120913,1.56
20120914,0.54
20120917,-0.42
20120918,-0.15
20120919,0.18
20120920,-0.13
20120921,0.04
20120924,-0.26
20120925,-1.11
20120926,-0.57
20120927,0.99
20120928,-0.46
20121001,0.26
20121002,0.1
20121003,0.36
20121004,0.76
20121005,-0.03
20121008,-0.36
20121009,-1.05
20121010,-0.58
20121011,0.11
20121012,-0.34
20121015,0.79
20121016,1
20121017,0.49
20121018,-0.31
20121019,-1.68
20121022,0.01
20121023,-1.29
20121024,-0.28
20121025,0.27
20121026,-0.07
20121031,0.14
20121101,1.19
20121102,-1.04
20121105,0.28
20121106,0.8
20121107,-2.31
20121108,-1.24
20121109,0.15
20121112,0
20121113,-0.4
20121114,-1.4
20121115,-0.24
20121116,0.58
20121119,1.98
20121120,0.11
20121121,0.31
20121123,1.28
20121126,-0.14
20121127,-0.43
20121128,0.83
20121129,0.54
20121130,0.02
20121203,-0.46
20121204,-0.16
20121205,0.17
20121206,0.31
20121207,0.27
20121210,0.11
20121211,0.68
20121212,-0.02
20121213,-0.57
20121214,-0.34
20121217,1.16
20121218,1.2
20121219,-0.6
20121220,0.53
20121221,-0.88
20121224,-0.24
20121226,-0.54
20121227,-0.11
20121228,-1
20121231,1.71
20130102,2.62
20130103,-0.14
20130104,0.55
20130107,-0.31
20130108,-0.27
20130109,0.34
20130110,0.66
20130111,0.02
20130114,-0.06
20130115,0.19
20130116,-0.04
20130117,0.61
20130118,0.29
20130122,0.48
20130123,0.1
20130124,0.09
20130125,0.59
20130128,-0.14
20130129,0.36
20130130,-0.38
20130131,-0.08
20130201,0.99
20130204,-1.19
20130205,1.07
20130206,0.15
20130207,-0.15
20130208,0.58
20130211,-0.08
20130212,0.16
20130213,0.14
20130214,0.11
20130215,-0.11
20130219,0.74
20130220,-1.36
20130221,-0.66
20130222,0.94
20130225,-1.82
20130226,0.58
20130227,1.29
20130228,-0.05
20130301,0.22
20130304,0.47
20130305,1
20130306,0.18
20130307,0.27
20130308,0.52
20130311,0.3
20130312,-0.22
20130313,0.2
20130314,0.58
20130315,-0.19
20130318,-0.5
20130319,-0.24
20130320,0.76
20130321,-0.85
20130322,0.62
20130325,-0.29
20130326,0.76
20130327,-0.02
20130328,0.39
20130401,-0.57
20130402,0.33
20130403,-1.16
20130404,0.42
20130405,-0.41
20130408,0.7
20130409,0.31
20130410,1.28
20130411,0.35
20130412,-0.28
20130415,-2.48
20130416,1.47
20130417,-1.46
20130418,-0.71
20130419,0.97
20130422,0.45
20130423,1.11
20130424,0.06
20130425,0.49
20130426,-0.2
20130429,0.67
20130430,0.29
20130501,-1.08
20130502,1.04
20130503,1.12
20130506,0.23
20130507,0.54
20130508,0.44
20130509,-0.31
20130510,0.54
20130513,-0.02
20130514,1.1
20130515,0.51
20130516,-0.5
20130517,1.04
20130520,-0.06
20130521,0.16
20130522,-0.92
20130523,-0.19
20130524,-0.06
20130528,0.77
20130529,-0.7
20130530,0.5
20130531,-1.31
20130603,0.48
20130604,-0.55
20130605,-1.38
20130606,0.89
20130607,1.3
20130610,0.07
20130611,-1.04
20130612,-0.82
20130613,1.47
20130614,-0.59
20130617,0.74
20130618,0.8
20130619,-1.28
20130620,-2.45
20130621,0.13
20130624,-1.19
20130625,0.96
20130626,0.92
20130627,0.77
20130628,-0.33
20130701,0.71
20130702,-0.1
20130703,0.11
20130705,1.11
20130708,0.53
20130709,0.74
20130710,0.06
20130711,1.32
20130712,0.33
20130715,0.2
20130716,-0.41
20130717,0.3
20130718,0.54
20130719,0.09
20130722,0.22
20130723,-0.15
20130724,-0.39
20130725,0.42
20130726,0.02
20130729,-0.37
20130730,0.12
20130731,0.09
20130801,1.4
20130802,0.2
20130805,-0.07
20130806,-0.68
20130807,-0.42
20130808,0.47
20130809,-0.29
20130812,-0.02
20130813,0.2
20130814,-0.5
20130815,-1.47
20130816,-0.26
20130819,-0.62
20130820,0.53
20130821,-0.59
20130822,0.93
20130823,0.38
20130826,-0.29
20130827,-1.75
20130828,0.3
20130829,0.34
20130830,-0.47
20130903,0.46
20130904,0.83
20130905,0.19
20130906,0.01
20130909,1.09
20130910,0.8
20130911,0.28
20130912,-0.32
20130913,0.29
20130916,0.49
20130917,0.54
20130918,1.1
20130919,-0.13
20130920,-0.63
20130923,-0.45
20130924,-0.12
20130925,-0.23
20130926,0.42
20130927,-0.39
20130930,-0.49
20131001,0.9
20131002,-0.1
20131003,-0.88
20131004,0.74
20131007,-0.95
20131008,-1.35
20131009,-0.05
20131010,2.23
20131011,0.71
20131014,0.44
20131015,-0.73
20131016,1.37
20131017,0.7
20131018,0.73
20131021,-0.02
20131022,0.5
20131023,-0.51
20131024,0.42
20131025,0.33
20131028,0.09
20131029,0.54
20131030,-0.61
20131031,-0.34
20131101,0.2
20131104,0.47
20131105,-0.23
20131106,0.27
20131107,-1.46
20131108,1.45
20131111,0.12
20131112,-0.19
20131113,0.9
20131114,0.43
20131115,0.43
20131118,-0.5
20131119,-0.27
20131120,-0.33
20131121,0.97
20131122,0.5
20131125,-0.11
20131126,0.18
20131127,0.3
20131129,-0.02
20131202,-0.31
20131203,-0.34
20131204,-0.07
20131205,-0.35
20131206,1.02
20131209,0.17
20131210,-0.34
20131211,-1.16
20131212,-0.23
20131213,0.1
20131216,0.67
20131217,-0.26
20131218,1.55
20131219,-0.1
20131220,0.69
20131223,0.62
20131224,0.34
20131226,0.44
20131227,-0.05
20131230,0
20131231,0.44
20140102,-0.88
20140103,0.03
20140106,-0.34
20140107,0.68
20140108,0.04
20140109,0.02
20140110,0.27
20140113,-1.32
20140114,1.15
20140115,0.53
20140116,-0.07
20140117,-0.39
20140121,0.3
20140122,0.15
20140123,-0.86
20140124,-2.19
20140127,-0.65
20140128,0.73
20140129,-1.07
20140130,1.22
20140131,-0.66
20140203,-2.48
20140204,0.77
20140205,-0.23
20140206,1.21
20140207,1.33
20140210,0.16
20140211,1.09
20140212,0.11
20140213,0.72
20140214,0.42
20140218,0.27
20140219,-0.74
20140220,0.7
20140221,-0.09
20140224,0.65
20140225,-0.1
20140226,0.12
20140227,0.54
20140228,0.15
20140303,-0.7
20140304,1.67
20140305,0.01
20140306,0.16
20140307,0.04
20140310,-0.09
20140311,-0.62
20140312,0.13
20140313,-1.21
20140314,-0.16
20140317,0.9
20140318,0.82
20140319,-0.59
20140320,0.52
20140321,-0.37
20140324,-0.64
20140325,0.3
20140326,-0.89
20140327,-0.19
20140328,0.41
20140331,0.97
20140401,0.87
20140402,0.29
20140403,-0.31
20140404,-1.47
20140407,-1.26
20140408,0.5
20140409,1.2
20140410,-2.24
20140411,-1.07
20140414,0.7
20140415,0.59
20140416,1.13
20140417,0.23
20140421,0.36
20140422,0.58
20140423,-0.31
20140424,0.08
20140425,-1.05
20140428,0.11
20140429,0.56
20140430,0.35
20140501,0.04
20140502,-0.07
20140505,0.13
20140506,-1.03
20140507,0.45
20140508,-0.26
20140509,0.25
20140512,1.2
20140513,-0.05
20140514,-0.6
20140515,-0.9
20140516,0.36
20140519,0.5
20140520,-0.78
20140521,0.81
20140522,0.36
20140523,0.49
20140527,0.69
20140528,-0.11
20140529,0.54
20140530,0.06
20140602,0.06
20140603,-0.05
20140604,0.28
20140605,0.77
20140606,0.54
20140609,0.22
20140610,-0.03
20140611,-0.34
20140612,-0.68
20140613,0.31
20140616,0.13
20140617,0.34
20140618,0.75
20140619,0.12
20140620,0.18
20140623,-0.01
20140624,-0.72
20140625,0.53
20140626,-0.11
20140627,0.26
20140630,0.07
20140701,0.74
20140702,-0.03
20140703,0.59
20140707,-0.62
20140708,-0.82
20140709,0.46
20140710,-0.49
20140711,0.12
20140714,0.46
20140715,-0.32
20140716,0.32
20140717,-1.21
20140718,1.12
20140721,-0.25
20140722,0.53
20140723,0.19
20140724,0.05
20140725,-0.53
20140728,-0.08
20140729,-0.33
20140730,0.12
20140731,-2.03
20140801,-0.32
20140804,0.74
20140805,-0.84
20140806,0.02
20140807,-0.52
20140808,1.12
20140811,0.4
20140812,-0.23
20140813,0.69
20140814,0.44
20140815,0
20140818,0.93
20140819,0.49
20140820,0.19
20140821,0.28
20140822,-0.1
20140825,0.5
20140826,0.19
20140827,0
20140828,-0.19
20140829,0.39
20140902,0.06
20140903,-0.14
20140904,-0.17
20140905,0.45
20140908,-0.22
20140909,-0.72
20140910,0.45
20140911,0.19
20140912,-0.55
20140915,-0.28
20140916,0.7
20140917,0.17
20140918,0.5
20140919,-0.18
20140922,-0.97
20140923,-0.62
20140924,0.81
20140925,-1.62
20140926,0.85
20140929,-0.22
20140930,-0.4
20141001,-1.39
20141002,0.15
20141003,1.08
20141006,-0.26
20141007,-1.56
20141008,1.7
20141009,-2.17
20141010,-1.3
20141013,-1.59
20141014,0.28
20141015,-0.53
20141016,0.23
20141017,1.14
20141020,0.94
20141021,1.98
20141022,-0.85
20141023,1.29
20141024,0.66
20141027,-0.17
20141028,1.37
20141029,-0.18
20141030,0.6
20141031,1.23
20141103,-0.01
20141104,-0.35
20141105,0.48
20141106,0.49
20141107,0.09
20141110,0.33
20141111,0.1
20141112,0.07
20141113,-0.03
20141114,0.06
20141117,-0.05
20141118,0.51
20141119,-0.21
20141120,0.31
20141121,0.48
20141124,0.4
20141125,-0.08
20141126,0.3
20141128,-0.35
20141201,-0.9
20141202,0.65
20141203,0.46
20141204,-0.17
20141205,0.25
20141208,-0.82
20141209,0.13
20141210,-1.72
20141211,0.49
20141212,-1.55
20141215,-0.68
20141216,-0.8
20141217,2.15
20141218,2.36
20141219,0.43
20141222,0.37
20141223,0.21
20141224,0.07
20141226,0.39
20141229,0.13
20141230,-0.48
20141231,-0.93
20150102,-0.11
20150105,-1.84
20150106,-1.04
20150107,1.19
20150108,1.81
20150109,-0.85
20150112,-0.79
20150113,-0.19
20150114,-0.6
20150115,-1.08
20150116,1.36
20150120,0.11
20150121,0.42
20150122,1.58
20150123,-0.47
20150126,0.43
20150127,-1.21
20150128,-1.39
20150129,0.98
20150130,-1.3
20150202,1.25
20150203,1.49
20150204,-0.35
20150205,1.1
20150206,-0.2
20150209,-0.46
20150210,1.04
20150211,0.03
20150212,1
20150213,0.47
20150217,0.17
20150218,0.03
20150219,-0.01
20150220,0.61
20150223,-0.08
20150224,0.32
20150225,0.02
20150226,-0.08
20150227,-0.36
20150302,0.62
20150303,-0.43
20150304,-0.41
20150305,0.15
20150306,-1.29
20150309,0.37
20150310,-1.63
20150311,-0.04
20150312,1.28
20150313,-0.57
20150316,1.23
20150317,-0.2
20150318,1.08
20150319,-0.36
20150320,0.81
20150323,-0.19
20150324,-0.51
20150325,-1.56
20150326,-0.22
20150327,0.32
20150330,1.24
20150331,-0.75
20150401,-0.38
20150402,0.35
20150406,0.61
20150407,-0.22
20150408,0.37
20150409,0.41
20150410,0.49
20150413,-0.38
20150414,0.11
20150415,0.57
20150416,-0.08
20150417,-1.23
20150420,0.95
20150421,-0.1
20150422,0.46
20150423,0.29
20150424,0.17
20150427,-0.54
20150428,0.27
20150429,-0.38
20150430,-1.11
20150501,1.01
20150504,0.32
20150505,-1.19
20150506,-0.31
20150507,0.39
20150508,1.21
20150511,-0.39
20150512,-0.27
20150513,0.01
20150514,1.01
20150515,0.05
20150518,0.44
20150519,-0.09
20150520,-0.05
20150521,0.23
20150522,-0.22
20150526,-1.01
20150527,0.93
20150528,-0.12
20150529,-0.58
20150601,0.17
20150602,-0.02
20150603,0.39
20150604,-0.88
20150605,0.06
20150608,-0.66
20150609,0.02
20150610,1.2
20150611,0.21
20150612,-0.63
20150615,-0.45
20150616,0.57
20150617,0.16
20150618,0.99
20150619,-0.43
20150622,0.63
20150623,0.12
20150624,-0.79
20150625,-0.25
20150626,-0.06
20150629,-2.15
20150630,0.33
20150701,0.6
20150702,-0.11
20150706,-0.37
20150707,0.53
20150708,-1.68
20150709,0.29
20150710,1.24
20150713,1.14
20150714,0.47
20150715,-0.19
20150716,0.78
20150717,0.05
20150720,-0.01
20150721,-0.47
20150722,-0.18
20150723,-0.6
20150724,-1.08
20150727,-0.74
20150728,1.23
20150729,0.74
20150730,0.12
20150731,-0.15
20150803,-0.35
20150804,-0.14
20150805,0.36
20150806,-0.88
20150807,-0.36
20150810,1.32
20150811,-0.98
20150812,0.07
20150813,-0.14
20150814,0.43
20150817,0.6
20150818,-0.35
20150819,-0.85
20150820,-2.24
20150821,-2.95
20150824,-3.9
20150825,-1.17
20150826,3.68
20150827,2.4
20150828,0.23
20150831,-0.74
20150901,-2.91
20150902,1.81
20150903,0.17
20150904,-1.39
20150908,2.52
20150909,-1.34
20150910,0.49
20150911,0.44
20150914,-0.41
20150915,1.22
20150916,0.84
20150917,-0.17
20150918,-1.62
20150921,0.36
20150922,-1.29
20150923,-0.27
20150924,-0.36
20150925,-0.22
20150928,-2.63
20150929,-0.07
20150930,1.88
20151001,0.13
20151002,1.48
20151005,1.93
20151006,-0.43
20151007,0.94
20151008,0.84
20151009,0.12
20151012,0.06
20151013,-0.74
20151014,-0.6
20151015,1.56
20151016,0.36
20151019,0
20151020,-0.15
20151021,-0.74
20151022,1.5
20151023,1.09
20151026,-0.2
20151027,-0.42
20151028,1.43
20151029,-0.2
20151030,-0.41
20151102,1.25
20151103,0.32
20151104,-0.26
20151105,-0.08
20151106,0.14
20151109,-0.95
20151110,0.13
20151111,-0.43
20151112,-1.45
20151113,-1.06
20151116,1.39
20151117,-0.11
20151118,1.61
20151119,-0.13
20151120,0.35
20151123,-0.01
20151124,0.21
20151125,0.09
20151127,0.09
20151130,-0.47
20151201,0.97
20151202,-1.01
20151203,-1.5
20151204,1.86
20151207,-0.84
20151208,-0.59
20151209,-0.83
20151210,0.3
20151211,-2.03
20151214,0.29
20151215,1.1
20151216,1.47
20151217,-1.46
20151218,-1.7
20151221,0.74
20151222,0.89
20151223,1.3
20151224,-0.11
20151228,-0.29
20151229,1.05
20151230,-0.74
20151231,-0.92
20160104,-1.59
20160105,0.12
20160106,-1.35
20160107,-2.44
20160108,-1.11
20160111,-0.06
20160112,0.71
20160113,-2.67
20160114,1.65
20160115,-2.14
20160119,-0.2
20160120,-0.94
20160121,0.45
20160122,2.08
20160125,-1.71
20160126,1.52
20160127,-1.11
20160128,0.49
20160129,2.57
20160201,-0.04
20160202,-2
20160203,0.46
20160204,0.27
20160205,-2.06
20160208,-1.51
20160209,-0.1
20160210,0.01
20160211,-1.17
20160212,1.98
20160216,1.78
20160217,1.75
20160218,-0.51
20160219,0.06
20160222,1.43
20160223,-1.22
20160224,0.53
20160225,1.1
20160226,-0.01
20160229,-0.69
20160301,2.34
20160302,0.54
20160303,0.51
20160304,0.37
20160307,0.21
20160308,-1.27
20160309,0.5
20160310,-0.11
20160311,1.69
20160314,-0.12
20160315,-0.36
20160316,0.63
20160317,0.72
20160318,0.54
20160321,0.1
20160322,-0.05
20160323,-0.86
20160324,0
20160328,0.04
20160329,1.07
20160330,0.41
20160331,-0.11
20160401,0.64
20160404,-0.41
20160405,-0.94
20160406,1.14
20160407,-1.23
20160408,0.29
20160411,-0.28
20160412,0.99
20160413,1.23
20160414,0.03
20160415,-0.04
20160418,0.65
20160419,0.29
20160420,0.15
20160421,-0.47
20160422,0.12
20160425,-0.24
20160426,0.29
20160427,0.21
20160428,-0.96
20160429,-0.5
20160502,0.78
20160503,-1.05
20160504,-0.66
20160505,-0.08
20160506,0.38
20160509,0.05
20160510,1.26
20160511,-0.89
20160512,-0.11
20160513,-0.82
20160516,0.99
20160517,-0.95
20160518,0.1
20160519,-0.33
20160520,0.75
20160523,-0.18
20160524,1.43
20160525,0.72
20160526,-0.04
20160527,0.49
20160531,-0.01
20160601,0.2
20160602,0.35
20160603,-0.38
20160606,0.6
20160607,0.12
20160608,0.37
20160609,-0.27
20160610,-1.05
20160613,-0.84
20160614,-0.19
20160615,-0.11
20160616,0.24
20160617,-0.3
20160620,0.71
20160621,0.21
20160622,-0.2
20160623,1.45
20160624,-3.7
20160627,-2.07
20160628,1.76
20160629,1.8
20160630,1.42
20160701,0.24
20160705,-0.85
20160706,0.62
20160707,0.02
20160708,1.6
20160711,0.43
20160712,0.75
20160713,-0.05
20160714,0.51
20160715,-0.05
20160718,0.25
20160719,-0.22
20160720,0.48
20160721,-0.38
20160722,0.48
20160725,-0.27
20160726,0.13
20160727,-0.14
20160728,0.18
20160729,0.17
20160801,-0.16
20160802,-0.7
20160803,0.45
20160804,0.05
20160805,0.93
20160808,-0.06
20160809,0.05
20160810,-0.29
20160811,0.54
20160812,-0.06
20160815,0.39
20160816,-0.57
20160817,0.12
20160818,0.32
20160819,-0.11
20160822,-0.02
20160823,0.27
20160824,-0.56
20160825,-0.08
20160826,-0.15
20160829,0.53
20160830,-0.14
20160831,-0.24
20160901,0.03
20160902,0.53
20160906,0.26
20160907,0.09
20160908,-0.18
20160909,-2.47
20160912,1.44
20160913,-1.48
20160914,-0.08
20160915,1.07
20160916,-0.36
20160919,0.05
20160920,-0.02
20160921,1.12
20160922,0.7
20160923,-0.6
20160926,-0.88
20160927,0.64
20160928,0.56
20160929,-0.98
20160930,0.88
20161003,-0.26
20161004,-0.46
20161005,0.58
20161006,-0.06
20161007,-0.38
20161010,0.52
20161011,-1.3
20161012,0.06
20161013,-0.42
20161014,0.01
20161017,-0.29
20161018,0.6
20161019,0.25
20161020,-0.16
20161021,0.02
20161024,0.54
20161025,-0.46
20161026,-0.23
20161027,-0.33
20161028,-0.29
20161031,0.02
20161101,-0.68
20161102,-0.73
20161103,-0.4
20161104,-0.12
20161107,2.23
20161108,0.4
20161109,1.46
20161110,0.32
20161111,0.18
20161114,0.21
20161115,0.8
20161116,-0.12
20161117,0.56
20161118,-0.16
20161121,0.77
20161122,0.31
20161123,0.16
20161125,0.4
20161128,-0.64
20161129,0.11
20161130,-0.25
20161201,-0.36
20161202,0
20161205,0.75
20161206,0.48
20161207,1.26
20161208,0.36
20161209,0.46
20161212,-0.3
20161213,0.6
20161214,-0.82
20161215,0.46
20161216,-0.22
20161219,0.22
20161220,0.44
20161221,-0.24
20161222,-0.3
20161223,0.19
20161227,0.27
20161228,-0.87
20161229,-0.04
20161230,-0.52
20170103,0.83
20170104,0.79
20170105,-0.21
20170106,0.29
20170109,-0.37
20170110,0.16
20170111,0.31
20170112,-0.3
20170113,0.29
20170117,-0.49
20170118,0.24
20170119,-0.38
20170120,0.33
20170123,-0.29
20170124,0.83
20170125,0.84
20170126,-0.1
20170127,-0.12
20170130,-0.68
20170131,0
20170201,0.04
20170202,-0.02
20170203,0.82
20170206,-0.27
20170207,-0.01
20170208,0.06
20170209,0.72
20170210,0.38
20170213,0.49
20170214,0.45
20170215,0.54
20170216,-0.16
20170217,0.2
20170221,0.6
20170222,-0.15
20170223,-0.11
20170224,0.15
20170227,0.22
20170228,-0.42
20170301,1.47
20170302,-0.7
20170303,0.09
20170306,-0.38
20170307,-0.36
20170308,-0.19
20170309,0.04
20170310,0.34
20170313,0.13
20170314,-0.36
20170315,0.86
20170316,-0.06
20170317,-0.08
20170320,-0.25
20170321,-1.48
20170322,0.16
20170323,-0.03
20170324,-0.05
20170327,-0.05
20170328,0.72
20170329,0.18
20170330,0.36
20170331,-0.16
20170403,-0.28
20170404,0.05
20170405,-0.44
20170406,0.32
20170407,-0.08
20170410,0.08
20170411,-0.05
20170412,-0.49
20170413,-0.75
20170417,0.89
20170418,-0.25
20170419,-0.08
20170420,0.83
20170421,-0.28
20170424,1.18
20170425,0.66
20170426,0.04
20170427,0.05
20170428,-0.3
20170501,0.21
20170502,0.03
20170503,-0.19
20170504,0.02
20170505,0.46
20170508,-0.04
20170509,-0.05
20170510,0.21
20170511,-0.26
20170512,-0.18
20170515,0.53
20170516,-0.03
20170517,-1.97
20170518,0.4
20170519,0.7
20170522,0.56
20170523,0.18
20170524,0.24
20170525,0.42
20170526,0.06
20170530,-0.19
20170531,-0.02
20170601,0.95
20170602,0.35
20170605,-0.17
20170606,-0.28
20170607,0.15
20170608,0.18
20170609,-0.12
20170612,-0.11
20170613,0.55
20170614,-0.17
20170615,-0.3
20170616,-0.03
20170619,0.86
20170620,-0.73
20170621,-0.07
20170622,0.02
20170623,0.24
20170626,0.04
20170627,-0.85
20170628,1.02
20170629,-0.83
20170630,0.14
20170703,0.24
20170705,0.12
20170706,-0.95
20170707,0.7
20170710,0.05
20170711,0
20170712,0.72
20170713,0.17
20170714,0.42
20170717,0
20170718,0.04
20170719,0.59
20170720,-0.01
20170721,-0.08
20170724,-0.03
20170725,0.38
20170726,-0.06
20170727,-0.14
20170728,-0.17
20170731,-0.11
20170801,0.24
20170802,-0.08
20170803,-0.21
20170804,0.25
20170807,0.16
20170808,-0.24
20170809,-0.14
20170810,-1.49
20170811,0.2
20170814,1.03
20170815,-0.11
20170816,0.18
20170817,-1.59
20170818,-0.15
20170821,0.06
20170822,1.06
20170823,-0.32
20170824,-0.14
20170825,0.18
20170828,0.08
20170829,0.1
20170830,0.53
20170831,0.62
20170901,0.27
20170905,-0.81
20170906,0.28
20170907,-0.07
20170908,-0.16
20170911,1.08
20170912,0.43
20170913,0.11
20170914,-0.12
20170915,0.19
20170918,0.24
20170919,0.15
20170920,0.16
20170921,-0.28
20170922,0.12
20170925,-0.25
20170926,0.05
20170927,0.63
20170928,0.13
20170929,0.35
20171002,0.5
20171003,0.26
20171004,0.05
20171005,0.55
20171006,-0.08
20171009,-0.22
20171010,0.24
20171011,0.16
20171012,-0.18
20171013,0.04
20171016,0.17
20171017,0.01
20171018,0.14
20171019,0.02
20171020,0.57
20171023,-0.45
20171024,0.2
20171025,-0.51
20171026,0.2
20171027,0.82
20171030,-0.46
20171031,0.23
20171101,0.05
20171102,0.06
20171103,0.31
20171106,0.06
20171107,-0.2
20171108,0.12
20171109,-0.41
20171110,0.01
20171113,0.09
20171114,-0.22
20171115,-0.52
20171116,1.01
20171117,-0.14
20171120,0.21
20171121,0.67
20171122,-0.05
20171124,0.21
20171127,-0.06
20171128,1.06
20171129,0.02
20171130,0.82
20171201,-0.22
20171204,-0.1
20171205,-0.43
20171206,-0.09
20171207,0.42
20171208,0.51
20171211,0.26
20171212,0.07
20171213,0.02
20171214,-0.47
20171215,0.92
20171218,0.67
20171219,-0.3
20171220,0.01
20171221,0.24
20171222,-0.07
20171226,-0.07
20171227,0.05
20171228,0.22
20171229,-0.57
20180102,0.85
20180103,0.59
20180104,0.42
20180105,0.66
20180108,0.19
20180109,0.15
20180110,-0.07
20180111,0.87
20180112,0.66
20180116,-0.49
20180117,0.95
20180118,-0.18
20180119,0.57
20180122,0.77
20180123,0.22
20180124,-0.13
20180125,0.07
20180126,1.11
20180129,-0.62
20180130,-1.06
20180131,-0.07
20180201,0.03
20180202,-2.13
20180205,-4.03
20180206,1.67
20180207,-0.37
20180208,-3.67
20180209,1.36
20180212,1.36
20180213,0.31
20180214,1.52
20180215,1.21
20180216,0.03
20180220,-0.62
20180221,-0.43
20180222,0.01
20180223,1.54
20180226,1.12
20180227,-1.25
20180228,-1.1
20180301,-1.18
20180302,0.7
20180305,1.06
20180306,0.36
20180307,0.05
20180308,0.37
20180309,1.7
20180312,-0.09
20180313,-0.67
20180314,-0.53
20180315,-0.18
20180316,0.25
20180319,-1.38
20180320,0.15
20180321,-0.06
20180322,-2.54
20180323,-2.09
20180326,2.67
20180327,-1.87
20180328,-0.35
20180329,1.41
20180402,-2.29
20180403,1.24
20180404,1.17
20180405,0.75
20180406,-2.19
20180409,0.3
20180410,1.77
20180411,-0.49
20180412,0.84
20180413,-0.37
20180416,0.82
20180417,1.09
20180418,0.13
20180419,-0.49
20180420,-0.81
20180423,-0.05
20180424,-1.3
20180425,0.1
20180426,0.96
20180427,0.01
20180430,-0.8
20180501,0.24
20180502,-0.63
20180503,-0.25
20180504,1.3
20180507,0.42
20180508,0.07
20180509,0.89
20180510,0.84
20180511,0.19
20180514,0.05
20180515,-0.55
20180516,0.49
20180517,0.02
20180518,-0.23
20180521,0.72
20180522,-0.42
20180523,0.29
20180524,-0.16
20180525,-0.21
20180529,-1.03
20180530,1.31
20180531,-0.7
20180601,1.06
20180604,0.48
20180605,0.16
20180606,0.86
20180607,-0.14
20180608,0.31
20180611,0.12
20180612,0.23
20180613,-0.33
20180614,0.27
20180615,-0.08
20180618,-0.09
20180619,-0.38
20180620,0.23
20180621,-0.73
20180622,0.11
20180625,-1.48
20180626,0.27
20180627,-1.02
20180628,0.58
20180629,0.07
20180702,0.36
20180703,-0.44
20180705,0.87
20180706,0.87
20180709,0.93
20180710,0.21
20180711,-0.69
20180712,0.86
20180713,0.08
20180716,-0.16
20180717,0.48
20180718,0.27
20180719,-0.34
20180720,-0.1
20180723,0.15
20180724,0.22
20180725,0.83
20180726,-0.2
20180727,-0.82
20180730,-0.7
20180731,0.51
20180801,-0.13
20180802,0.67
20180803,0.31
20180806,0.46
20180807,0.29
20180808,-0.04
20180809,-0.05
20180810,-0.6
20180813,-0.46
20180814,0.69
20180815,-0.91
20180816,0.86
20180817,0.3
20180820,0.25
20180821,0.33
20180822,0.05
20180823,-0.19
20180824,0.62
20180827,0.74
20180828,-0.01
20180829,0.56
20180830,-0.41
20180831,0.08
20180904,-0.11
20180905,-0.41
20180906,-0.44
20180907,-0.18
20180910,0.23
20180911,0.37
20180912,0.03
20180913,0.45
20180914,0.12
20180917,-0.71
20180918,0.57
20180919,0.06
20180920,0.77
20180921,-0.13
20180924,-0.31
20180925,-0.05
20180926,-0.4
20180927,0.27
20180928,-0.03
20181001,0.16
20181002,-0.21
20181003,0.2
20181004,-0.93
20181005,-0.64
20181008,-0.17
20181009,-0.18
20181010,-3.33
20181011,-1.96
20181012,1.38
20181015,-0.48
20181016,2.24
20181017,-0.08
20181018,-1.54
20181019,-0.25
20181022,-0.38
20181023,-0.62
20181024,-3.33
20181025,1.93
20181026,-1.65
20181029,-0.77
20181030,1.66
20181031,1.22
20181101,1.29
20181102,-0.53
20181105,0.4
20181106,0.58
20181107,2.11
20181108,-0.28
20181109,-1.04
20181112,-2.06
20181113,-0.13
20181114,-0.77
20181115,1.18
20181116,0.15
20181119,-1.88
20181120,-1.85
20181121,0.51
20181123,-0.55
20181126,1.62
20181127,0.11
20181128,2.42
20181129,-0.22
20181130,0.78
20181203,1.13
20181204,-3.45
20181206,-0.16
20181207,-2.36
20181210,0.1
20181211,-0.08
20181212,0.68
20181213,-0.26
20181214,-1.89
20181217,-2.13
20181218,-0.03
20181219,-1.58
20181220,-1.62
20181221,-2.17
20181224,-2.55
20181226,5.06
20181227,0.78
20181228,-0.03
20181231,0.9
20190102,0.23
20190103,-2.45
20190104,3.55
20190107,0.94
20190108,1.01
20190109,0.56
20190110,0.42
20190111,-0.01
20190114,-0.6
20190115,1.06
20190116,0.28
20190117,0.75
20190118,1.29
20190122,-1.53
20190123,0.15
20190124,0.23
20190125,0.9
20190128,-0.8
20190129,-0.19
20190130,1.51
20190131,0.92
20190201,0.14
20190204,0.72
20190205,0.43
20190206,-0.22
20190207,-0.93
20190208,0.09
20190211,0.14
20190212,1.36
20190213,0.28
20190214,-0.21
20190215,1.13
20190219,0.19
20190220,0.19
20190221,-0.37
20190222,0.65
20190225,0.15
20190226,-0.16
20190227,0.09
20190228,-0.31
20190301,0.72
20190304,-0.52
20190305,-0.17
20190306,-0.84
20190307,-0.82
20190308,-0.22
20190311,1.49
20190312,0.25
20190313,0.68
20190314,-0.1
20190315,0.48
20190318,0.46
20190319,-0.09
20190320,-0.39
20190321,1.11
20190322,-2.17
20190325,-0.05
20190326,0.76
20190327,-0.5
20190328,0.4
20190329,0.66
20190401,1.19
20190402,-0.05
20190403,0.27
20190404,0.19
20190405,0.52
20190408,0.08
20190409,-0.65
20190410,0.48
20190411,0
20190412,0.65
20190415,-0.09
20190416,0.13
20190417,-0.32
20190418,0.11
20190422,0.11
20190423,0.97
20190424,-0.23
20190425,-0.14
20190426,0.53
20190429,0.18
20190430,-0.04
20190501,-0.83
20190502,-0.16
20190503,1.13
20190506,-0.39
20190507,-1.69
20190508,-0.21
20190509,-0.28
20190510,0.35
20190513,-2.67
20190514,0.93
20190515,0.58
20190516,0.91
20190517,-0.73
20190520,-0.65
20190521,0.9
20190522,-0.4
20190523,-1.37
20190524,0.23
20190528,-0.78
20190529,-0.71
20190530,0.14
20190531,-1.37
20190603,-0.4
20190604,2.33
20190605,0.69
20190606,0.55
20190607,1.04
20190610,0.53
20190611,-0.12
20190612,-0.2
20190613,0.52
20190614,-0.27
20190617,0.15
20190618,1.04
20190619,0.32
20190620,0.89
20190621,-0.21
20190624,-0.34
20190625,-0.98
20190626,-0.06
20190627,0.6
20190628,0.68
20190701,0.75
20190702,0.14
20190703,0.78
20190705,-0.1
20190708,-0.58
20190709,0.18
20190710,0.4
20190711,0.19
20190712,0.53
20190715,-0.04
20190716,-0.32
20190717,-0.64
20190718,0.35
20190719,-0.56
20190722,0.25
20190723,0.65
20190724,0.66
20190725,-0.63
20190726,0.82
20190729,-0.32
20190730,-0.17
20190731,-1.09
20190801,-1.04
20190802,-0.87
20190805,-3.07
20190806,1.29
20190807,0.07
20190808,1.97
20190809,-0.78
20190812,-1.32
20190813,1.47
20190814,-2.95
20190815,0.16
20190816,1.55
20190819,1.14
20190820,-0.75
20190821,0.85
20190822,-0.1
20190823,-2.66
20190826,1.08
20190827,-0.46
20190828,0.68
20190829,1.35
20190830,0.03
20190903,-0.86
20190904,1.08
20190905,1.42
20190906,-0.02
20190909,0.08
20190910,0.17
20190911,0.88
20190912,0.22
20190913,-0.01
20190916,-0.23
20190917,0.17
20190918,-0.05
20190919,-0.05
20190920,-0.48
20190923,-0.02
20190924,-1.01
20190925,0.69
20190926,-0.41
20190927,-0.62
20190930,0.5
20191001,-1.31
20191002,-1.73
20191003,0.8
20191004,1.39
20191007,-0.41
20191008,-1.61
20191009,0.92
20191010,0.6
20191011,1.23
20191014,-0.18
20191015,1.03
20191016,-0.24
20191017,0.37
20191018,-0.49
20191021,0.71
20191022,-0.34
20191023,0.25
20191024,0.25
20191025,0.5
20191028,0.62
20191029,-0.13
20191030,0.27
20191031,-0.38
20191101,1.08
20191104,0.4
20191105,-0.03
20191106,-0.05
20191107,0.38
20191108,0.31
20191111,-0.19
20191112,0.16
20191113,0.01
20191114,0.07
20191115,0.74
20191118,0.02
20191119,0.02
20191120,-0.33
20191121,-0.14
20191122,0.24
20191125,0.92
20191126,0.19
20191127,0.44
20191129,-0.42
20191202,-0.87
20191203,-0.66
20191204,0.6
20191205,0.13
20191206,0.91
20191209,-0.33
20191210,-0.08
20191211,0.28
20191212,0.9
20191213,-0.03
20191216,0.74
20191217,0.1
20191218,-0.05
20191219,0.43
20191220,0.48
20191223,0.1
20191224,0.01
20191226,0.49
20191227,-0.09
20191230,-0.57
20191231,0.28
20200102,0.86
20200103,-0.67
20200106,0.36
20200107,-0.19
20200108,0.47
20200109,0.65
20200110,-0.34
20200113,0.73
20200114,-0.06
20200115,0.16
20200116,0.88
20200117,0.28
20200121,-0.32
20200122,0.08
20200123,0.08
20200124,-0.97
20200127,-1.56
20200128,1.02
20200129,-0.1
20200130,0.34
20200131,-1.74
20200203,0.84
20200204,1.57
20200205,0.97
20200206,0.27
20200207,-0.55
20200210,0.73
20200211,0.28
20200212,0.66
20200213,-0.09
20200214,0.15
20200218,-0.19
20200219,0.6
20200220,-0.35
20200221,-1.12
20200224,-3.38
20200225,-3.09
20200226,-0.52
20200227,-4.22
20200228,-0.78
20200302,4.31
20200303,-2.79
20200304,4.02
20200305,-3.38
20200306,-1.78
20200309,-7.79
20200310,4.74
20200311,-5.05
20200312,-9.63
20200313,8.96
20200316,-12
20200317,5.87
20200318,-5.56
20200319,1.31
20200320,-4.15
20200323,-2.56
20200324,9.34
20200325,1.18
20200326,6.02
20200327,-3.47